Organization,Followed On
LinkedIn Guide to Creating,Fri Apr 10 16:30:03 UTC 2026
"Patches, a puzzle by LinkedIn",Wed Mar 18 18:06:00 UTC 2026
LeadJobs.dev,Tue Feb 10 09:18:34 UTC 2026
"Queens, a puzzle by LinkedIn",Wed Nov 26 11:34:22 UTC 2025
"Tango, a puzzle by LinkedIn",Tue Nov 18 05:26:22 UTC 2025
Groundery,Fri Sep 19 04:23:13 UTC 2025
Weave,Thu Sep 18 06:13:27 UTC 2025
The College of Management Academic Studies,Mon Sep 01 15:26:33 UTC 2025
TechGym,Sun Aug 24 08:45:36 UTC 2025
Shuffll,Sun Aug 24 08:20:03 UTC 2025
Lovable,Thu Aug 21 09:20:24 UTC 2025
HoneyBook,Thu Aug 14 17:23:14 UTC 2025
"Mini Sudoku, a puzzle by LinkedIn",Wed Aug 13 04:09:34 UTC 2025
RE.FOCUS,Mon Aug 11 17:55:50 UTC 2025
Dorin Hartmann,Wed Aug 06 17:33:35 UTC 2025
Linear,Sun Jul 20 16:16:02 UTC 2025
BI Magics,Tue Jul 08 08:56:08 UTC 2025
manager.dev,Sun Jul 06 06:01:32 UTC 2025
OpenAI for Business,Tue May 20 04:08:24 UTC 2025
DataTLV,Fri May 09 11:31:23 UTC 2025
Maven,Sat Apr 26 17:48:48 UTC 2025
EyeControl,Wed Apr 23 07:33:06 UTC 2025
Ashby,Wed Mar 26 09:21:41 UTC 2025
"Zip, a puzzle by LinkedIn",Thu Mar 20 12:44:40 UTC 2025
Freachly IL,Wed Mar 19 18:06:25 UTC 2025
Base44,Tue Mar 18 17:20:53 UTC 2025
אופטיקאי מדופלם,Sat Dec 07 18:57:41 UTC 2024
beehiiv,Sat Nov 23 18:44:03 UTC 2024
Genway AI,Mon Nov 04 13:13:22 UTC 2024
Athyna,Sun Oct 13 14:23:53 UTC 2024
Passionfroot,Fri Oct 11 06:46:42 UTC 2024
Roots,Mon Sep 23 03:08:47 UTC 2024
daily.dev,Tue Aug 20 12:20:48 UTC 2024
ELC,Fri Apr 19 03:56:29 UTC 2024
ByteByteGo,Mon Mar 25 05:28:26 UTC 2024
AuthoredUp,Sun Mar 03 18:13:56 UTC 2024
Platformers Community,Wed Jan 24 18:46:31 UTC 2024
Famous Campaigns,Tue Nov 28 00:31:53 UTC 2023
Engineer's Codex,Mon Nov 27 20:18:39 UTC 2023
Engineering Managers IL,Fri Sep 29 16:21:49 UTC 2023
freeCodeCamp,Fri Sep 29 14:27:44 UTC 2023
The Pragmatic Engineer,Sat Sep 23 16:33:50 UTC 2023
Human Direct,Thu Sep 14 15:58:17 UTC 2023
Lotem's Developers Guild,Thu Aug 17 11:29:31 UTC 2023
DevOps Leaders IL,Tue Aug 15 15:55:02 UTC 2023
Wooforoof,Tue Aug 15 12:04:54 UTC 2023
MobiMatter,Fri Aug 04 10:47:53 UTC 2023
PAKA,Wed Aug 02 13:28:38 UTC 2023
Link Up,Sat Jun 24 04:31:00 UTC 2023
Calcalist כלכליסט,Fri Jun 09 10:49:24 UTC 2023
GroupHug Online,Mon May 01 11:23:15 UTC 2023
Andreessen Horowitz,Mon Mar 06 20:22:47 UTC 2023
Lean Focus,Sun Mar 05 14:54:50 UTC 2023
Y Combinator,Fri Feb 24 20:19:57 UTC 2023
Epsilon ε,Tue Feb 14 10:37:59 UTC 2023
Excellence Talks,Tue Jan 31 12:11:30 UTC 2023
Upstream Ag Insights,Tue Jan 10 13:04:28 UTC 2023
Finance-IA,Mon May 23 12:34:49 UTC 2022
Breakthrough Energy,Wed Sep 22 08:48:41 UTC 2021
Albe.io,Fri Dec 25 08:30:19 UTC 2020
Geektime גיקטיים,Thu Dec 17 18:11:08 UTC 2020
Taranis,Wed Oct 21 05:03:11 UTC 2020
Mamram,Mon Jun 15 19:58:13 UTC 2020
LinkedIn Guide to Networking,Thu Feb 13 20:38:28 UTC 2020