Date/Time,Media Description,Media Link
"You uploaded a feed document on April 18, 2026 at 8:17 AM (GMT)","11 promises every Engineering Manager should make (and actually keep):

After 9+ years of leading engineers, here are the promises I make to everyone who joins my team:

1. I won?t cancel our 1:1s. 
Even when things are chaotic.

2. I?ll care about your life, not just your output. 
That means asking about your family, your hobbies, and your energy.

3. When it?s time to move on, I?ll not hold you back. 
Even if it'll be a big headache for me :) 

4. I?ll always want to hear what?s broken - and how you?d fix it. 

5. You?ll never be shut down for asking ?why.? 
Good questions are part of the job.

6. You won?t just build things - you?ll know why they matter. 
We connect our work to real outcomes.

7. You won?t need to guess what matters. 
And what is expected of you. I?ll make priorities and expectations clear.

8. I?ll openly share my own mistakes. 
So you know it?s safe to take risks.

9. You?ll get the credit. 
I'll work hard to ensure your impact is also noticed outside our team.

10. You?ll talk to customers and stakeholders. 
I?ll help you grow beyond just writing code.

11. You?ll get real ownership. 
And I?ll back your decisions when needed.

What promise did I miss?

P.S.: Create the carousel in 5 minutes using this awesome skill by Yonathan Levy (pure html, no Canva):
https://lnkd.in/dX5HQW3B
",https://media.licdn.com/dms/document/media/v2/D4D1FAQHOu9KArWeUZQ/feedshare-document-chunked-pdf/B4DZ2fqrSSKABk-/0/1776500259051?e=1777636800&v=beta&t=AHVdR8TTr0mXOyweX9tSICov4ponhgCCqf01_S8WAmk
"You uploaded a video on February 5, 2026 at 12:28 PM (GMT)", -,https://dms.licdn.com/playlist/vid/dynamic/D4D05AQGa75GBVqaCMg/BAQJh918Q-Q?e=1777636800&v=beta&t=uv8X-T_8hLruOYe_NBeUd7UN8MG8nT9xZQUNXgmE4X8
"You uploaded a video on January 30, 2026 at 6:23 PM (GMT)", -,https://dms.licdn.com/playlist/vid/dynamic/D4E05AQHBA-grJyWAmg/BAgf9JdAUaAyVs?e=1777636800&v=beta&t=z27zfO0Jcka43DEcyPDUBc-gU0cWnI3thWnxoniJgz0
"You uploaded a video on October 16, 2025 at 10:54 AM (GMT)", -,https://dms.licdn.com/playlist/vid/dynamic/D4D05AQFfvfbmD-n03A/BAgAKWnczHFMekwC30Q?e=1777636800&v=beta&t=kOLmHjnMxi3dpvSA0p5P6ctdNcuAD-KH_r4-imVx-50
"You uploaded a photo on March 23, 2025 at 9:53 AM (GMT)", -,https://media.licdn.com/dms/image/v2/D4D21AQEGK6SHyU4sNQ/plfm-displayapplogo-shrink_800_800/B4DZXCbC5ZHwAY-/0/1742723624960?e=1777636800&v=beta&t=2Oau77zUB2E6dYTh-Ap-YvYdzq8tYZi2qRS7T0yBWpk
"You uploaded a feed photo on March 20, 2025 at 11:06 AM (GMT)", -,https://media.licdn.com/dms/image/v2/D4E22AQEJPZYx2MQhFw/feedshare-shrink_160/B4EZWzO1.fHgAg-/0/1742468768245?e=1778716800&v=beta&t=hO7q4M8z1qUrlhOnSBU-7RLyf5rxEOb6_jw8pmJNAKs
"You uploaded a feed photo on March 20, 2025 at 10:47 AM (GMT)", -,https://media.licdn.com/dms/image/v2/D4E22AQEN_dvXkIOcLA/feedshare-shrink_480/B4EZWzKkAhHMAo-/0/1742467647484?e=1778716800&v=beta&t=5_6Op-cfAdh6Nt8Xxb0YgbrjzQWzXobq5mR752DfsQs
"You uploaded a feed photo on March 16, 2025 at 9:21 AM (GMT)", -,https://media.licdn.com/dms/image/v2/D4D22AQGJTCOfLcc00A/feedshare-shrink_1280/B4DZWeQlasHAAk-/0/1742116903006?e=1778716800&v=beta&t=ugw3uqg7NqmTfW3dZTjVGCUEcSuW7Gbg7Nk5ByDv5wc
"You uploaded a feed photo on March 13, 2025 at 11:53 AM (GMT)", -,https://media.licdn.com/dms/image/v2/D4D22AQETIBkTHKNqCQ/feedshare-shrink_2048_1536/B4DZWPWnyxG4Ao-/0/1741866829143?e=1778716800&v=beta&t=YHei1i4mQfF2m8wkPBy_smAYBLvLzGhwhhg_NL-BUe0
"You uploaded a feed photo on March 13, 2025 at 11:50 AM (GMT)", -,https://media.licdn.com/dms/image/v2/D4D22AQG5Ggzmw38T3w/feedshare-shrink_160/B4DZWPV9tvGcAk-/0/1741866656857?e=1778716800&v=beta&t=aYL55R-tUlwgb-VwejnwhlMX1N_JZthRNT6K2u3OEDI
"You uploaded a feed photo on March 7, 2025 at 1:18 PM (GMT)", -,https://media.licdn.com/dms/image/v2/D4D22AQGDmSbty1jO-A/feedshare-shrink_160/B4DZVwwXv3HwAg-/0/1741353483730?e=1778716800&v=beta&t=Q0fRCif401dd3C5ZPjfclJDRRdB-0Pni73sEMOE7zLY
"You uploaded a feed document on March 7, 2025 at 1:13 PM (GMT)", -,https://media.licdn.com/dms/document/media/v2/D4D1FAQE3lJCdpMTGMA/feedshare-document-url-metadata-scrapper-pdf/B4DZVwvS2rHAA0-/0/1741353213503?e=1777636800&v=beta&t=shusFwoPE4GvATxe0QQH8iQuEIbBzd_R0cY8JvPML-M
"You uploaded a feed photo on March 7, 2025 at 11:44 AM (GMT)", -,https://media.licdn.com/dms/image/v2/D4D22AQFIbR2ab7GPBw/feedshare-shrink_1280/B4DZVwa7X1GcAk-/0/1741347865654?e=1778716800&v=beta&t=pvk4L_AMgAa4HQvtEwaelFilMsiD-BbjIHPQMdCzgEc
"You uploaded a feed photo on March 7, 2025 at 8:59 AM (GMT)", -,https://media.licdn.com/dms/image/v2/D4D22AQGnKFD5nvQHHg/feedshare-shrink_1280/B4DZVv1Ix8HIAk-/0/1741337956955?e=1778716800&v=beta&t=lO5KenM8hmX9I6IOKajM-Uz6gSGs41CM08pW5EuukL4
"You uploaded a feed photo on March 6, 2025 at 10:14 AM (GMT)", -,https://media.licdn.com/dms/image/v2/D4D22AQGXLGRyRq9SNg/feedshare-shrink_1280/B4DZVq801gHkAk-/0/1741256085337?e=1778716800&v=beta&t=GYxJsY-1z8F4Yx3AAqihegoRQY8XZmDbhwp_OHNG9E4
"You uploaded a feed document on March 5, 2025 at 3:20 PM (GMT)","7 game-changing mental models for engineering managers:

?. ?????????

Invert the problem to look at the opposite perspective. List all the things that should be avoided.

For example: Instead of thinking about how to cooperate with other teams better, focus on things that should be done to make it worse (and then invert).

?. ???????

Your tendency to resist changes and keep doing things in the same way. Think where it hurts you

For example:
You don?t have team meetings because you just never did.

You don?t try to play with AI tools because you like your old code editor.

?. ??????-????? ????????

Consider more than just one immediate result of your decisions.? 

Ask ?And then what??

For example: You need to push feature for a demo. and decide to do it fast, without tests:
First-order consequences: it works during the demo.
Second-order consequences: different parts of the app break and the demo is ruined.

?. ???????

Every system you have will eventually degrade if you don?t take action.

For example: 
-Your codebase is going to get worse and worse without proper maintenance, as its complexity increases.

-Your team trained in security measures (or any kind of best practices). 6-months later, security is all but ignored. 

?. ???????? ?????

?Never attribute to malice that which is adequately explained by stupidity.? - In other words, assume good intentions.

For example: The business team promised a feature that is impossible to deliver - do you assume they want you to fail? Or maybe they just don?t understand the app?


?. ???????????

Where does it all fail? Usually in the most vulnerable part - the bottleneck.

For example:
-There might be one great engineer who holds all the knowledge - if they leave, it could significantly slow down your work.

-You might be a bottleneck - your capacity is limited, and if everything in your team goes through you, you become the limiting factor.

?. ?????????? ??????

Activation energy is a concept drawn from chemistry, where a certain amount of energy is needed to start a reaction.

For example: 
-The onboarding process is costly and takes a lot of time to get new engineers up to speed. When activation energy is high, people are reluctant to hire more.
 
To help with this, make sure to improve the process incrementally with each new engineer on-boarded.


P.S.: Which of these would have saved you the most pain in your management journey? Share below ?

?? ??? ??????? ??? ????, ??? ???? ?????? ???? ??? ???? ??????? ?? Micha? Poczwardowski:
https://lnkd.in/dpSuvfhA",https://media.licdn.com/dms/document/media/v2/D4D1FAQEdPwApyTRFNQ/feedshare-document-pdf-analyzed/B4DZVm5R6hHAAg-/0/1741188058117?e=1777636800&v=beta&t=hS-8zNneH6JZCkJqWDW2j9rpOE4BuIxpg6oA2arzU3M
"You uploaded a feed document on March 5, 2025 at 3:20 PM (GMT)", -,https://media.licdn.com/dms/document/media/v2/D4D1FAQEZVY9tSvmbXw/feedshare-document-url-metadata-scrapper-pdf/B4DZVm5R3YGkA0-/0/1741188057924?e=1777636800&v=beta&t=KymS7RjNAdLvhP_U33Dsw73cJiSEeMn1trXjQ3Vl_Vw
"You uploaded a feed document on March 5, 2025 at 3:20 PM (GMT)", -,https://media.licdn.com/dms/document/media/v2/D4D1FAQG4DzijR33NAQ/feedshare-document-pdf-analyzed/B4DZVm5OnTHkAg-/0/1741188044688?e=1777636800&v=beta&t=5fELm9DVnAP4MkRYAaxd0xvJPGr45AOjI7Kvy3UE0mM
"You uploaded a feed photo on March 2, 2025 at 9:49 AM (GMT)", -,https://media.licdn.com/dms/image/v2/D4D22AQEorvmZxfDYFw/feedshare-shrink_2048_1536/B4DZVWQqm8G4Ao-/0/1740908964989?e=1778716800&v=beta&t=uzPqGDB4XviSgas6HQl_j_lx8RFmBqQDPnut21RXkiE
"You uploaded a feed document on March 2, 2025 at 9:43 AM (GMT)","10 things I wish I was told before becoming a manager:

(and would have saved me a lot of pain)

1. Don't ignore bad behaviors. You'll always regret it.
2. You should not try to make everyone love you.
3. It's lonely. You'll miss being part of the team.
4. You'll feel completely overwhelmed. It's ok. 
5. Not every principle is worth fighting for.
6. Systems are only good up to a point. 
7. Your manager is a critical asset. 
8. Help your peers succeed. 
9. Listen to your gut. 

And last:
10. Ask yourself every week: ""Do my people enjoy coming to work every morning?"". 

The transition from an engineer to a manager is HARD.

Don't beat yourself up. 

It gets better with time.

?? Repost to help other Engineering Managers
? Follow Anton Zaides for more. 

?.?: ????? ???? ?? ??? ???????? ?? ??? ?????? :)
???????? ?? Dora Vanourek'? ?????????.",https://media.licdn.com/dms/document/media/v2/D4D1FAQFfbesbjtkbSA/feedshare-document-chunked-pdf/B4EZfO.XJZHcAE-/0/1753211398985?e=1777636800&v=beta&t=t32f1mkBW3V1Zsk3h3utNwDHURf2HuMt06Q6PFWsrVA
"You uploaded a feed photo on February 20, 2025 at 8:31 AM (GMT)", -,https://media.licdn.com/dms/image/v2/D4D22AQHfJYipVxPMKA/feedshare-shrink_2048_1536/B4DZUie5TjGcAo-/0/1740040280291?e=1778716800&v=beta&t=TKqeo67AasAVx7n6VjG32Dy6ueRR93FpLlRZiz-VKGw
"You uploaded a feed photo on February 15, 2025 at 12:41 PM (GMT)", -,https://media.licdn.com/dms/image/v2/D4D22AQFFtahm5pJ_7w/feedshare-shrink_2048_1536/B4DZUJoGlDHkAo-/0/1739623263509?e=1778716800&v=beta&t=dgGvKqaUx6iMBh-X_0wWaUR5aqIQYQRmuY5iYzSEY4A
"You uploaded a feed photo on February 13, 2025 at 8:37 AM (GMT)", -,https://media.licdn.com/dms/image/v2/D4D22AQHj9ihWjEkNgA/feedshare-shrink_1280/B4DZT.dFmCGkAo-/0/1739435826027?e=1778716800&v=beta&t=VVuJE9bDOs0Ln2G1cgT2ryMD-up6b-J5xh3yvgZwlo0
"You uploaded a feed photo on January 18, 2025 at 8:34 AM (GMT)", -,https://media.licdn.com/dms/image/v2/D4D22AQH9DH9kEmpPdg/feedshare-shrink_1280/B4DZR4jEDrHIAk-/0/1737189246594?e=1778716800&v=beta&t=cOLKd4Z7AF8tQIvNfIYFiC2IvJRC57PLKaQuEwUmgrA
"You uploaded a feed photo on January 17, 2025 at 8:42 AM (GMT)", -,https://media.licdn.com/dms/image/v2/D4D22AQGRAtzM167p2Q/feedshare-shrink_160/B4DZRzbgXyHUAc-/0/1737103379086?e=1778716800&v=beta&t=GTFCP_0L_o6iLs63moh0xt_4eYe10MvcysKxoAiU8Ag
"You uploaded a feed photo on January 16, 2025 at 9:07 AM (GMT)", -,https://media.licdn.com/dms/image/v2/D4D22AQGqJzwRuVGSMg/feedshare-shrink_20/B4DZRuXgbeHYAs-/0/1737018444097?e=1778716800&v=beta&t=3v_8UHMRgxOXXwAc7szsDMZ7ja1Kmra06ZBPgsVdXiw
"You uploaded a feed photo on January 14, 2025 at 8:30 AM (GMT)", -,https://media.licdn.com/dms/image/v2/D4D22AQH-hI7uKFbjaQ/feedshare-shrink_2048_1536/B4DZRj7yVGGUAo-/0/1736843405198?e=1778716800&v=beta&t=adgXji0NjAYm-_D-o_5rQ39xjDXVna4Wgx9IL4DadNA
"You uploaded a feed photo on January 8, 2025 at 8:21 AM (GMT)", -,https://media.licdn.com/dms/image/v2/D4D22AQFn7r_OCEGAvQ/feedshare-shrink_20/B4DZRFAXyvHMAs-/0/1736324515551?e=1778716800&v=beta&t=-Z3cLrDwj983rjJ_Nrlk1x34Oh9gDMIbdlqmEpwY1po
"You uploaded a feed photo on January 7, 2025 at 8:18 AM (GMT)", -,https://media.licdn.com/dms/image/v2/D4D22AQGMWdiJigYrRw/feedshare-shrink_160/B4DZQ_18u_HYAg-/0/1736237895300?e=1778716800&v=beta&t=7Zq3k34cEFLLz_q83lH4eKjWA0ctigGb44K7CNhFVws
"You uploaded a feed photo on January 4, 2025 at 2:53 PM (GMT)", -,https://media.licdn.com/dms/image/v2/D4D22AQGiFzVy5VWQWQ/feedshare-shrink_1280/B4DZQxzkUYG0Ak-/0/1736002389663?e=1778716800&v=beta&t=dJuFr0ZqNFf6qR4nS0T0UpsYHD5K4kVjkd85RZnGuew
"You uploaded a photo on January 2, 2025 at 7:50 AM (GMT)", -,https://media.licdn.com/dms/image/v2/D4D2CAQFEdlrC5eIOSA/comment-image-shrink_8192_1280/comment-image-shrink_8192_1280/0/1735804234058?e=1777636800&v=beta&t=V6kTZmB_6VQtchWjRLsN-hzynhW1mflyGNwVLKPa89I
"You uploaded a feed photo on December 29, 2024 at 6:39 AM (GMT)", -,https://media.licdn.com/dms/image/v2/D4D22AQGPmJvyB7pnBw/feedshare-shrink_1280/B4DZQRJHUwG0Ak-/0/1735454390399?e=1778716800&v=beta&t=u_DS-1cgisr4o4nVYD6UJ72PCha_ATKPAZwuuAXMFMo
"You uploaded a photo on December 28, 2024 at 7:14 PM (GMT)", -,https://media.licdn.com/dms/image/v2/D4D2CAQHN7UBngiSJQA/comment-image-shrink_8192_1280/comment-image-shrink_8192_1280/0/1735413292611?e=1777636800&v=beta&t=8gR6wl7rgXSVHdmKpnW-Zr0OIHQe_rQfP_2EO9ef388
"You uploaded a feed photo on December 21, 2024 at 1:54 PM (GMT)", -,https://media.licdn.com/dms/image/v2/D4D22AQGTdJ9U2LRdmQ/feedshare-shrink_800/B4DZPpf1qhGUAg-/0/1734789260666?e=1778716800&v=beta&t=BRMuJb3HuO5kP64C07ihsH3X6d2HdpO_3p0ocW7-ouk
"You uploaded a feed photo on December 20, 2024 at 12:22 PM (GMT)", -,https://media.licdn.com/dms/image/v2/D4D22AQH3jbCJVODkYw/feedshare-shrink_160/B4DZPkBSGyGkAg-/0/1734697362333?e=1778716800&v=beta&t=ONr6o03QGJ-t2-gE8k2Z8QdQbiX5pcbBQhynqsiPoz0
"You uploaded a feed photo on December 19, 2024 at 6:20 AM (GMT)", -,https://media.licdn.com/dms/image/v2/D4D22AQEKDRAbcozagw/feedshare-shrink_20/B4DZPdk4mEGgAs-/0/1734589254793?e=1778716800&v=beta&t=f6OrzbcTeBUnYansVagPt6s-SLAVjzM925Hshsl6QBw
"You uploaded a feed photo on December 16, 2024 at 8:15 AM (GMT)", -,https://media.licdn.com/dms/image/v2/D4D22AQEDA_W2kB9fzQ/feedshare-shrink_2048_1536/B4DZPOiVMMGUAo-/0/1734336926883?e=1778716800&v=beta&t=8DVWVKNQXXqUFUAUPqh8cvFkHfdzlDtO6ClTZCVfo_E
"You uploaded a feed photo on December 14, 2024 at 10:54 AM (GMT)", -,https://media.licdn.com/dms/image/v2/D4D22AQH85KYnaTAU8A/feedshare-shrink_480/B4DZPEzpAAGUAY-/0/1734173692295?e=1778716800&v=beta&t=dlLDMpQ7nRTJsIrpk5nBq0ZWd1dhW5VjCXBQDw_U_AM
"You uploaded a feed photo on December 10, 2024 at 9:18 AM (GMT)", -,https://media.licdn.com/dms/image/v2/D4E22AQE7fzMOAbGjdQ/feedshare-shrink_2048_1536/feedshare-shrink_2048_1536/0/1733822318772?e=1778716800&v=beta&t=R2pIBVs5m9QmEl_-kKRdxX3DMhCK9dXKS_JPvmaBtls
"You uploaded a feed photo on December 7, 2024 at 10:42 AM (GMT)", -,https://media.licdn.com/dms/image/v2/D4E22AQH1G4-oQJD0HA/feedshare-shrink_2048_1536/feedshare-shrink_2048_1536/0/1733568136497?e=1778716800&v=beta&t=r3hVt5rTfg-3BFbZ9YwsHqLqYJ9gylhBdVfc_vzKL84
"You uploaded a feed photo on December 3, 2024 at 11:43 AM (GMT)", -,https://media.licdn.com/dms/image/v2/D4D22AQFbRHrBAbAtYQ/feedshare-shrink_2048_1536/feedshare-shrink_2048_1536/0/1733226240410?e=1778716800&v=beta&t=0_QIf3dOpuDEI7Mhne_0Lhta6V_0O6k_fAEHYA6Aihk
"You uploaded a feed photo on December 2, 2024 at 7:45 AM (GMT)", -,https://media.licdn.com/dms/image/v2/D4D22AQHbtdH6nNe14Q/feedshare-shrink_2048_1536/feedshare-shrink_2048_1536/0/1733125503984?e=1778716800&v=beta&t=BCI-ISnadQo4rYbIf8YTKB7QE1jirR_0C7gto7yBwGw
"You uploaded a feed photo on December 1, 2024 at 2:36 PM (GMT)", -,https://media.licdn.com/dms/image/v2/D4D22AQEpDtV6M6zmBg/feedshare-shrink_2048_1536/feedshare-shrink_2048_1536/0/1733063800999?e=1778716800&v=beta&t=uIiWOf7RNashphrU5la_wsn1ZWQRNMPXFnec-Vtkt_I
"You uploaded a feed photo on November 30, 2024 at 4:20 PM (GMT)", -,https://media.licdn.com/dms/image/v2/D4D22AQEwgSbpwgHxsg/feedshare-shrink_2048_1536/feedshare-shrink_2048_1536/0/1732983657908?e=1778716800&v=beta&t=Gd7Py0zQbDJ-2DntqCyGKLtcI9UEXpn5YfrB6teZU8c
"You uploaded a feed photo on November 28, 2024 at 11:33 AM (GMT)", -,https://media.licdn.com/dms/image/v2/D4D22AQGq7gZk3s4xRQ/feedshare-shrink_2048_1536/feedshare-shrink_2048_1536/0/1732793608118?e=1778716800&v=beta&t=LQwmXYh7GhVkxQDFyO_9q34OFwaMyRbtebzqAeQ42yU
"You uploaded a feed photo on November 24, 2024 at 11:13 AM (GMT)", -,https://media.licdn.com/dms/image/v2/D4D22AQEAgyknvhW3gw/feedshare-shrink_2048_1536/feedshare-shrink_2048_1536/0/1732446797518?e=1778716800&v=beta&t=qr90unRYA2NeLydBfNntQVpIWHk-XnnlYRikMAaV8HM
"You uploaded a photo on November 23, 2024 at 6:23 AM (GMT)", -,https://media.licdn.com/dms/image/v2/D4D2CAQFqaheoEWjWxw/comment-image-shrink_8192_1280/comment-image-shrink_8192_1280/0/1732343005672?e=1777636800&v=beta&t=UAiTRNaY6_7YFLMuR_62akGcTzZaYLD_FR8CEpYTdOE
"You uploaded a feed photo on November 22, 2024 at 7:55 AM (GMT)", -,https://media.licdn.com/dms/image/v2/D4D22AQHELyPzE0kE8Q/feedshare-shrink_2048_1536/feedshare-shrink_2048_1536/0/1732262102139?e=1778716800&v=beta&t=3zwiY4F0CN97auqEsdBa8yD45rj85oN_9RM1QBzQ5uM
"You uploaded a photo on October 30, 2024 at 6:53 AM (GMT)", -,https://media.licdn.com/dms/image/v2/D4D2CAQE4YfcCSMyIFA/comment-image-shrink_8192_1280/comment-image-shrink_8192_1280/0/1730271225834?e=1777636800&v=beta&t=aXj7Eq6T3oXt87kJtYigmXzvlP8DvoD5SGGSJP8aUAA
"You uploaded a photo on October 21, 2024 at 7:02 AM (GMT)", -,https://media.licdn.com/dms/image/v2/D4D2CAQHnG3bVN3b7jg/comment-image-shrink_8192_1280/comment-image-shrink_8192_1280/0/1729494151547?e=1777636800&v=beta&t=oN5-0pvOykhLippnsboiJY-7-kwd0gRYras8_OXnfE0
"You uploaded a feed photo on October 18, 2024 at 6:40 AM (GMT)", -,https://media.licdn.com/dms/image/v2/D4D22AQEjQF5YuYvDOw/feedshare-shrink_2048_1536/feedshare-shrink_2048_1536/0/1729233656682?e=1778716800&v=beta&t=C5WhPJCj--8duA4s0_K2lKsei-uQVF-TirzukMk5uF4
"You uploaded a feed photo on October 14, 2024 at 10:21 AM (GMT)", -,https://media.licdn.com/dms/image/v2/D4D22AQH-_52KYSYP-g/feedshare-shrink_2048_1536/feedshare-shrink_2048_1536/0/1728901279929?e=1778716800&v=beta&t=BiDjx98jerdnKVxUg56M2Q3q1RdABaif_L_1rc3tE5s
"You uploaded a feed photo on September 9, 2024 at 12:10 PM (GMT)", -,https://media.licdn.com/dms/image/v2/D4D22AQE4ercMkbIkww/feedshare-shrink_2048_1536/feedshare-shrink_2048_1536/0/1725883839265?e=1778716800&v=beta&t=ECUVJwmmMBe9j_IxIbZFpzY27rpDYFr0piCLYfKKX-c
"You uploaded a feed photo on September 4, 2024 at 8:33 AM (GMT)", -,https://media.licdn.com/dms/image/v2/D4E22AQHzAOihKpEgCA/feedshare-shrink_2048_1536/feedshare-shrink_2048_1536/0/1725438786208?e=1778716800&v=beta&t=RoMWWfRn55FTLjjmTaytUzRrsTxd4p41hoN2yz5LJP0
"You uploaded a feed photo on September 2, 2024 at 11:22 AM (GMT)", -,https://media.licdn.com/dms/image/v2/D4D22AQHoDrh-90Jr2w/feedshare-shrink_2048_1536/feedshare-shrink_2048_1536/0/1725276160003?e=1778716800&v=beta&t=cuPesMyXtlixR2t-rR2h_69KnWFIgu2q3L9sELkbMbA
"You uploaded a feed photo on August 31, 2024 at 9:04 AM (GMT)", -,https://media.licdn.com/dms/image/v2/D4D22AQFIF-68zQswNw/feedshare-shrink_2048_1536/feedshare-shrink_2048_1536/0/1725095073766?e=1778716800&v=beta&t=PN_kAs-6BvnLFedY1cKaiQZaIusqQxs6MPQZwnxKbH8
"You uploaded a feed photo on August 27, 2024 at 8:51 AM (GMT)", -,https://media.licdn.com/dms/image/v2/D4E22AQE9furwAheCIA/feedshare-shrink_2048_1536/feedshare-shrink_2048_1536/0/1724748698847?e=1778716800&v=beta&t=OLgsDstmSTtCbbO7Qc2TyOVswFRlZhZsBTRREvyFl-8
"You uploaded a feed photo on August 26, 2024 at 12:29 PM (GMT)", -,https://media.licdn.com/dms/image/v2/D4D22AQEvtgWW-GalfQ/feedshare-shrink_2048_1536/feedshare-shrink_2048_1536/0/1724675367928?e=1778716800&v=beta&t=4y3Jsn1tdFQmRxV8jC52QTm7erLdcdE1KfsDyWKuKjQ
"You uploaded a feed photo on August 24, 2024 at 6:31 AM (GMT)", -,https://media.licdn.com/dms/image/v2/D4D22AQH_ETF-T7mxtQ/feedshare-shrink_2048_1536/feedshare-shrink_2048_1536/0/1724481088105?e=1778716800&v=beta&t=C5xnAswEftFy6BWiH7OfGUbv7J2L_rx6s3CkAsn1PDM
"You uploaded a feed photo on August 22, 2024 at 10:28 AM (GMT)", -,https://media.licdn.com/dms/image/v2/D4D22AQHqWwDVKDfP2Q/feedshare-shrink_2048_1536/feedshare-shrink_2048_1536/0/1724322496763?e=1778716800&v=beta&t=1bsKqrtEifi4QL2eBUnf18qZW6kT5-VsJbPMmycCACY
"You uploaded a feed photo on August 21, 2024 at 1:39 PM (GMT)", -,https://media.licdn.com/dms/image/v2/D4D22AQHg7yCdI_Pggg/feedshare-shrink_2048_1536/feedshare-shrink_2048_1536/0/1724247552411?e=1778716800&v=beta&t=YXBe7L-m0ZYcyoHkK1Za_hNzK0mJZr_L2oTh00NTtu4
"You uploaded a feed photo on August 12, 2024 at 1:06 PM (GMT)", -,https://media.licdn.com/dms/image/v2/D4D22AQHyU9r6tNLDew/feedshare-shrink_2048_1536/feedshare-shrink_2048_1536/0/1723467979314?e=1778716800&v=beta&t=jjH87sQubmAlSoiStJsvFqDL3ofG9Ch9MpiRWqbz9jA
"You uploaded a feed photo on August 11, 2024 at 4:38 PM (GMT)", -,https://media.licdn.com/dms/image/v2/D4D22AQFNzPR00409sQ/feedshare-shrink_2048_1536/feedshare-shrink_2048_1536/0/1723394325898?e=1778716800&v=beta&t=__N6TDvcZny7npHct7qafFt9TfHeuwqNm34IwdnD0fk
"You uploaded a feed photo on August 6, 2024 at 12:08 PM (GMT)", -,https://media.licdn.com/dms/image/v2/D4D22AQERW--qw69Jkg/feedshare-shrink_2048_1536/feedshare-shrink_2048_1536/0/1722946102504?e=1778716800&v=beta&t=5BR1SkWuM8O4mHaXh5UIizOemDxH09jTIXd6Dh7Tq0c
"You uploaded a feed photo on August 4, 2024 at 2:15 PM (GMT)", -,https://media.licdn.com/dms/image/v2/D4D22AQFdOeI6EFx_jg/feedshare-shrink_2048_1536/feedshare-shrink_2048_1536/0/1722780928348?e=1778716800&v=beta&t=uzHotilNo308N8EM9kU55V1VkSWn9nDIsLOK_y4flSI
"You uploaded a photo on August 2, 2024 at 11:19 AM (GMT)", -,https://media.licdn.com/dms/image/v2/D4D2CAQE1mFaH47GWcA/comment-image-shrink_8192_1280/comment-image-shrink_8192_1280/0/1722597580870?e=1777636800&v=beta&t=Ld0FhSCvJT05Mm6L9ePPKcTOnyrh6O2TnKKua2hEg94
"You uploaded a feed photo on July 20, 2024 at 11:21 AM (GMT)", -,https://media.licdn.com/dms/image/v2/D4D22AQFyaMU7Gh-Ztw/feedshare-shrink_2048_1536/feedshare-shrink_2048_1536/0/1721474511524?e=1778716800&v=beta&t=9HrC-9zyXPFlQceMtwz3vAGFvtLFJ0ynRjE-pNyy8M8
"You uploaded a feed photo on July 16, 2024 at 12:54 PM (GMT)", -,https://media.licdn.com/dms/image/v2/D4D22AQHc_Xj3PVO5Dw/feedshare-shrink_2048_1536/feedshare-shrink_2048_1536/0/1721134482584?e=1778716800&v=beta&t=mDYw5kZqPL-ccG8KdhKURqbJItKafZEHZFRL7vIPfSM
"You uploaded a feed photo on July 15, 2024 at 1:25 PM (GMT)", -,https://media.licdn.com/dms/image/v2/D4D22AQGZYjp5tn3H7Q/feedshare-shrink_2048_1536/feedshare-shrink_2048_1536/0/1721049924054?e=1778716800&v=beta&t=LQ8sMzERjs-xhaVmAzs7IbaHzXRR4wV0Jqj-A5nJ9mk
"You uploaded a feed photo on July 10, 2024 at 8:49 AM (GMT)", -,https://media.licdn.com/dms/image/v2/D4D22AQFvrsFJibyreg/feedshare-shrink_2048_1536/feedshare-shrink_2048_1536/0/1720601396364?e=1778716800&v=beta&t=J5geJYwqG34JzE4D8vjexG1qlGADMdJsO_59N5XTTM8
"You uploaded a feed photo on July 5, 2024 at 6:04 AM (GMT)", -,https://media.licdn.com/dms/image/v2/D4D22AQFcXT8ZYN87cA/feedshare-shrink_2048_1536/feedshare-shrink_2048_1536/0/1720159481364?e=1778716800&v=beta&t=DmXH195PS2TzAFkYgZMhAKku3nwtypq-Up9y2DJB4t8
"You uploaded a feed photo on July 3, 2024 at 1:44 PM (GMT)", -,https://media.licdn.com/dms/image/v2/D4D22AQEllyR-H2xsCQ/feedshare-shrink_2048_1536/feedshare-shrink_2048_1536/0/1720014244447?e=1778716800&v=beta&t=R2c7qHd2VhvlBiA7XjlNYbl4LGEChQpNlYSlHN6KNPE
"You uploaded a feed photo on June 29, 2024 at 4:03 PM (GMT)", -,https://media.licdn.com/dms/image/v2/D4D22AQF3HYVQP8b5vw/feedshare-shrink_2048_1536/feedshare-shrink_2048_1536/0/1719676982570?e=1778716800&v=beta&t=8reDT_B2DDelJpcVqtw0hP01M_aGLltuSF-TvaSsuFw
"You uploaded a feed photo on June 25, 2024 at 9:09 AM (GMT)", -,https://media.licdn.com/dms/image/v2/D4D22AQEX0dgK34GJNg/feedshare-shrink_2048_1536/feedshare-shrink_2048_1536/0/1719306549779?e=1778716800&v=beta&t=IFVe7s2dzO-OwZ0oK1kAA2gjeruliz3zlPXRjhZ2w_M
"You uploaded a feed photo on June 22, 2024 at 10:11 AM (GMT)", -,https://media.licdn.com/dms/image/v2/D4D22AQFKSupc5V7GxA/feedshare-shrink_2048_1536/feedshare-shrink_2048_1536/0/1719051115079?e=1778716800&v=beta&t=plM1_EB9jCuGAIbi2fd6SJ1haxW1j8zZgC_SKDsQUOI
"You uploaded a feed photo on June 21, 2024 at 5:29 AM (GMT)", -,https://media.licdn.com/dms/image/v2/D4D22AQHHZh_1sxAwug/feedshare-shrink_2048_1536/feedshare-shrink_2048_1536/0/1718947787356?e=1778716800&v=beta&t=Dco30WZBI9XXWYmtUIzaYstOz1AqjlFq7DwxakffRN4
"You uploaded a feed photo on June 2, 2024 at 12:54 PM (GMT)", -,https://media.licdn.com/dms/image/v2/D4D22AQHV-DbYpK_P3g/feedshare-shrink_2048_1536/feedshare-shrink_2048_1536/0/1717332876757?e=1778716800&v=beta&t=tYk-AMAP_3fCmAumUXeZLzaS43vNkNBLykC7CH62KnY
"You uploaded a photo on May 28, 2024 at 11:27 AM (GMT)", -,https://media.licdn.com/dms/image/v2/D4D2CAQHRxgdQygdCDQ/comment-image-shrink_8192_1280/comment-image-shrink_8192_1280/0/1719269300729?e=1777636800&v=beta&t=12Fz8Te6ZO_G_rtSQc-wjfUv2c8bUWswqhrxHXkGHWo
"You uploaded a photo on May 27, 2024 at 8:27 PM (GMT)", -,https://media.licdn.com/dms/image/v2/D4D2CAQGYphXRx7iatA/comment-image-shrink_8192_1280/comment-image-shrink_8192_1280/0/1719267471788?e=1777636800&v=beta&t=Ubf6260sF_nlWSrZuH5_SgZD_1l1wQ63O21ZX2GTRWk
"You uploaded a feed photo on May 27, 2024 at 5:33 PM (GMT)", -,https://media.licdn.com/dms/image/v2/D4D22AQG8gVpNbjnHgA/feedshare-shrink_2048_1536/feedshare-shrink_2048_1536/0/1716831230380?e=1778716800&v=beta&t=bQ_J_4MUtctOvE4YiVeZ3lcx0HpbHa4AMAYr2PeDt8E
"You uploaded a feed photo on May 23, 2024 at 6:07 PM (GMT)", -,https://media.licdn.com/dms/image/v2/D4D22AQELKnsTF39W8g/feedshare-shrink_2048_1536/feedshare-shrink_2048_1536/0/1716487656296?e=1778716800&v=beta&t=Ik-Qk2I9_RLJP0nkt64yYBLZhC0d5RPGf3HFLwOj1e0
"You uploaded a feed photo on May 23, 2024 at 3:08 PM (GMT)", -,https://media.licdn.com/dms/image/v2/D4D22AQHOh5E8_xN6nQ/feedshare-shrink_2048_1536/feedshare-shrink_2048_1536/0/1716476884742?e=1778716800&v=beta&t=FgVCej8EaypbajmnI11acFn7wEIuQs3gz47oJcDKnUo
"You uploaded a feed photo on May 17, 2024 at 1:55 PM (GMT)", -,https://media.licdn.com/dms/image/v2/D4D22AQHLmkjE7YwU0Q/feedshare-shrink_2048_1536/feedshare-shrink_2048_1536/0/1715954102203?e=1778716800&v=beta&t=skZAiz8K7Fr68qOTcwLWVAd6p1G9-cUM-k402GKlehs
"You uploaded a feed photo on May 15, 2024 at 2:30 PM (GMT)", -,https://media.licdn.com/dms/image/v2/D4D22AQHmPvX4mbreBA/feedshare-shrink_2048_1536/feedshare-shrink_2048_1536/0/1715783460568?e=1778716800&v=beta&t=Ys8WZqffqvHn7GoE0z6euxX5bfQugF7yGjyToI1kIU8
"You uploaded a feed photo on April 15, 2024 at 1:51 PM (GMT)", -,https://media.licdn.com/dms/image/v2/D4D22AQGpC9zpcjHDMQ/feedshare-shrink_2048_1536/feedshare-shrink_2048_1536/0/1713189066367?e=1778716800&v=beta&t=xxFjLBde3L2o6I1mn04cCg0JuUtdRxrbJz_rmum2Suo
"You uploaded a feed photo on April 12, 2024 at 7:52 AM (GMT)", -,https://media.licdn.com/dms/image/v2/D4D22AQFOZbaPFbaR5g/feedshare-shrink_2048_1536/feedshare-shrink_2048_1536/0/1712908321672?e=1778716800&v=beta&t=_-fnWcMhogu0IwC9QOhvjtf40j4N22gOzbg9YkxyFv4
"You uploaded a feed photo on April 8, 2024 at 10:36 AM (GMT)", -,https://media.licdn.com/dms/image/v2/D4D22AQHB9d2RnztImw/feedshare-shrink_2048_1536/feedshare-shrink_2048_1536/0/1712572591470?e=1778716800&v=beta&t=gXDfY9qKo-23Sg6O0GoM-nLyaCC70yXhg22ioJijIi0
"You uploaded a feed photo on April 5, 2024 at 2:42 PM (GMT)", -,https://media.licdn.com/dms/image/v2/D4D22AQHbYEiZLKFAKw/feedshare-shrink_2048_1536/feedshare-shrink_2048_1536/0/1712328132015?e=1778716800&v=beta&t=SOu0g2PT9KyHweXMFh6C_w-8Q_wqgOGKJhA4fntVmn8
"You uploaded a feed photo on April 4, 2024 at 2:04 PM (GMT)", -,https://media.licdn.com/dms/image/v2/D4D22AQHS5sMRqNNoVA/feedshare-shrink_2048_1536/feedshare-shrink_2048_1536/0/1712239497928?e=1778716800&v=beta&t=yCKWwbzsAmxbvTOCDftKC1ciRr58iPpfvXCJT4WWLk8
"You uploaded a feed photo on March 25, 2024 at 2:47 PM (GMT)", -,https://media.licdn.com/dms/image/v2/D4D22AQHS2htfSkp-bQ/feedshare-shrink_2048_1536/feedshare-shrink_2048_1536/0/1711378032676?e=1778716800&v=beta&t=Q7n4r1v9ngdszQ3rQXHcdBx6NDgKakLxce9SZjS0cZk
"You uploaded a feed photo on March 24, 2024 at 4:06 PM (GMT)", -,https://media.licdn.com/dms/image/v2/D4D22AQF1hWirngWUsg/feedshare-shrink_2048_1536/feedshare-shrink_2048_1536/0/1711296385675?e=1778716800&v=beta&t=t89X-ucKBsup-UmubJDx-mJ8hGisCijxCUghhkZqymg
"You uploaded a feed photo on March 21, 2024 at 3:49 PM (GMT)", -,https://media.licdn.com/dms/image/v2/D4E22AQELX-KwrtcphQ/feedshare-shrink_2048_1536/feedshare-shrink_2048_1536/0/1711036183233?e=1778716800&v=beta&t=Yk6RZLeUQZpK6tQCdGmuuqEnabJzIdiiFsHJceqWUmM
"You uploaded a feed photo on March 18, 2024 at 3:14 PM (GMT)", -,https://media.licdn.com/dms/image/v2/D4D22AQEpey1ZDBI8sA/feedshare-shrink_2048_1536/feedshare-shrink_2048_1536/0/1710774871829?e=1778716800&v=beta&t=7C0kGvLbVzL2pVPzy_2LHa2Eyy_tZ6rsvpByKP_AyxI
"You uploaded a photo on March 17, 2024 at 3:26 AM (GMT)", -,https://media.licdn.com/dms/image/v2/D4D2CAQE7zIc_FwOOzw/comment-image-shrink_8192_1280/comment-image-shrink_8192_1280/0/1710646010450?e=1777636800&v=beta&t=EPjzxgk8cfZTaTKClNddwsELPrViB1GPjXPhuePrryQ
"You uploaded a feed photo on March 16, 2024 at 4:42 PM (GMT)", -,https://media.licdn.com/dms/image/v2/D4D22AQEVSHSSB9nDMQ/feedshare-shrink_2048_1536/feedshare-shrink_2048_1536/0/1710607324028?e=1778716800&v=beta&t=BnbaEBl9X0k3bRvE1Ds5eqQNy_UoCo2UrbzgSHdUHi4
"You uploaded a feed photo on March 15, 2024 at 5:06 PM (GMT)", -,https://media.licdn.com/dms/image/v2/D4D22AQGpFd1NM4g6xw/feedshare-shrink_2048_1536/feedshare-shrink_2048_1536/0/1710522390060?e=1778716800&v=beta&t=gbdZ3t-8e7etAORGJkiGYjAN_zOCQos4rVVhTVtsPXE
"You uploaded a feed photo on March 14, 2024 at 2:03 PM (GMT)", -,https://media.licdn.com/dms/image/v2/D4D22AQGKKiBFYyPwfg/feedshare-shrink_2048_1536/feedshare-shrink_2048_1536/0/1710424999336?e=1778716800&v=beta&t=5rFJ0ItwMwF6oQuROXC2uViEntwRFEs6ZLjHqudgUpg
"You uploaded a feed photo on March 13, 2024 at 4:06 PM (GMT)", -,https://media.licdn.com/dms/image/v2/D4D22AQF3UeNJQOvfTg/feedshare-shrink_2048_1536/feedshare-shrink_2048_1536/0/1710346017650?e=1778716800&v=beta&t=H5DiiSNzsLq41BYKJA41P0B7D3pIoA1joQXEdNegMy0
"You uploaded a feed photo on March 11, 2024 at 5:05 PM (GMT)", -,https://media.licdn.com/dms/image/v2/D4D22AQHUG8GQxh50Dw/feedshare-shrink_2048_1536/feedshare-shrink_2048_1536/0/1710176738585?e=1778716800&v=beta&t=ho8PE5W_4JVUUd2c5-O5v1SV8_qmh25OJ9y5MPhH1z0
"You uploaded a feed photo on March 9, 2024 at 5:10 PM (GMT)", -,https://media.licdn.com/dms/image/v2/D4D22AQHWOKzbVTIQzg/feedshare-shrink_2048_1536/feedshare-shrink_2048_1536/0/1710004237450?e=1778716800&v=beta&t=eWzhdDCEPeQ5h7h8iZc36H9FYU8MLiw7EcmKxTut8yM
"You uploaded a feed photo on March 7, 2024 at 8:05 PM (GMT)", -,https://media.licdn.com/dms/image/v2/D4D22AQFmL3DRGaJl-w/feedshare-shrink_2048_1536/feedshare-shrink_2048_1536/0/1709841942366?e=1778716800&v=beta&t=_FuXT2g-q45DFL0DhgVJm7b8_5fE1IIwY7svMvl4Eak
"You uploaded a feed photo on March 4, 2024 at 2:29 PM (GMT)", -,https://media.licdn.com/dms/image/v2/D4D22AQEs_m0zaV_3ig/feedshare-shrink_2048_1536/feedshare-shrink_2048_1536/0/1709562580926?e=1778716800&v=beta&t=kiyQDoCYYddR3ml7j3WbmA_6bPALL3uItmnWf2dwvdQ
"You uploaded a feed photo on March 3, 2024 at 3:04 PM (GMT)", -,https://media.licdn.com/dms/image/v2/D4D22AQFejESJ76htYw/feedshare-shrink_2048_1536/feedshare-shrink_2048_1536/0/1709478292675?e=1778716800&v=beta&t=NIjOPAuEbrFDGHUHsXikS8B7SMxgBo_kQLJtMyi6uWM
"You uploaded a feed photo on February 29, 2024 at 3:30 PM (GMT)", -,https://media.licdn.com/dms/image/v2/D4E22AQFyAqpRQLujzg/feedshare-shrink_2048_1536/feedshare-shrink_2048_1536/0/1709220656948?e=1778716800&v=beta&t=3Qd8qqcf3WrbkcgZvFEgkMZ4joWdVYn-4CTJcPpsM8Y
"You uploaded a feed photo on February 24, 2024 at 11:46 AM (GMT)", -,https://media.licdn.com/dms/image/v2/D4D22AQHn0G8RQ0ulOQ/feedshare-shrink_2048_1536/feedshare-shrink_2048_1536/0/1708775215557?e=1778716800&v=beta&t=wUIzzzfeULHWWVtkHvocbDC_Pghn3svlwaWx1hCuDx4
"You uploaded a feed photo on February 23, 2024 at 7:18 PM (GMT)", -,https://media.licdn.com/dms/image/v2/D4D22AQFg7QILm-HN3w/feedshare-shrink_2048_1536/feedshare-shrink_2048_1536/0/1708715911319?e=1778716800&v=beta&t=Kn4-JRCt6X7HUcuCxWkPoZeCLQIOxiInROVAqEPD6Ic
"You uploaded a feed photo on February 23, 2024 at 7:12 PM (GMT)", -,https://media.licdn.com/dms/image/v2/D4D22AQGdxKk-yguS5A/feedshare-shrink_2048_1536/feedshare-shrink_2048_1536/0/1708715526016?e=1778716800&v=beta&t=OzZyq9Mzh80b0q_cennxwYGP2jqMmosk1ppZvZkcvIQ
"You uploaded a feed photo on February 21, 2024 at 5:23 AM (GMT)", -,https://media.licdn.com/dms/image/v2/D4D22AQET5E6BK2adwg/feedshare-shrink_2048_1536/feedshare-shrink_2048_1536/0/1708492984906?e=1778716800&v=beta&t=z9RA4EM-t-jhuKiESPJkwWdrwc63vBv6QAU_SASOiHg
"You uploaded a feed photo on February 10, 2024 at 9:36 AM (GMT)", -,https://media.licdn.com/dms/image/v2/D4D22AQHs9Kwhdmabxw/feedshare-shrink_2048_1536/feedshare-shrink_2048_1536/0/1707557801594?e=1778716800&v=beta&t=ODK4-t84q99uiHBt_GLFn7ZJr3Gqlrbt_mJmydb7wFI
"You uploaded a feed photo on February 10, 2024 at 9:27 AM (GMT)", -,https://media.licdn.com/dms/image/v2/D4D22AQG1sKtu4q5hlQ/feedshare-shrink_2048_1536/feedshare-shrink_2048_1536/0/1707557277895?e=1778716800&v=beta&t=K9tx9Z6dXPNh6zJ50HtqUmUpeYtjmbx1hnZJT8z_P_A
"You uploaded a feed photo on February 10, 2024 at 8:35 AM (GMT)", -,https://media.licdn.com/dms/image/v2/D4D22AQHBCzHCmBFWHg/feedshare-shrink_2048_1536/feedshare-shrink_2048_1536/0/1707554126181?e=1778716800&v=beta&t=7sSbX8jSguDUaDm6Fsvw_Cj1k-9DPIqPb3ryurccc0w
"You uploaded a feed photo on February 8, 2024 at 8:04 PM (GMT)", -,https://media.licdn.com/dms/image/v2/D4D22AQElubIkPhgIRg/feedshare-shrink_20/feedshare-shrink_20/0/1707422672002?e=1778716800&v=beta&t=AryCyaD_zMz39GwFrhUAAaRUIE6OxwN5XTb45ohAnXA
"You uploaded a feed photo on February 8, 2024 at 8:02 PM (GMT)", -,https://media.licdn.com/dms/image/v2/D4D22AQHs-PHGgoegRA/feedshare-shrink_2048_1536/feedshare-shrink_2048_1536/0/1707422570960?e=1778716800&v=beta&t=SCy8DsSdJela1WNXkQWWpoq46J5a7esDbwpEujH0aM4
"You uploaded a feed photo on February 6, 2024 at 4:01 PM (GMT)", -,https://media.licdn.com/dms/image/v2/D4D22AQHvza9A841fOg/feedshare-shrink_2048_1536/feedshare-shrink_2048_1536/0/1707235265804?e=1778716800&v=beta&t=sq_C35yMBdjRAgvXsUkz6AI9x928T5uyXpknGJltWx8
"You uploaded a feed photo on February 5, 2024 at 12:39 PM (GMT)", -,https://media.licdn.com/dms/image/v2/D4D22AQH-9WOpEgX29w/feedshare-shrink_2048_1536/feedshare-shrink_2048_1536/0/1707136773250?e=1778716800&v=beta&t=jtCxVsF-xvkJempdjdkBpcs2_hqbWfzzFNsca-k4Flg
"You uploaded a feed photo on January 30, 2024 at 5:57 PM (GMT)", -,https://media.licdn.com/dms/image/v2/D4D22AQHpY_Udu-6THw/feedshare-shrink_2048_1536/feedshare-shrink_2048_1536/0/1706637452420?e=1778716800&v=beta&t=FabNZYmBGCmtinAkhcTWA09ntA7DxcgCESl5XBXjZnk
"You uploaded a feed photo on January 24, 2024 at 6:31 PM (GMT)", -,https://media.licdn.com/dms/image/v2/D4D22AQGtLUIDMqYh6A/feedshare-shrink_2048_1536/feedshare-shrink_2048_1536/0/1706121119570?e=1778716800&v=beta&t=ExVrf7nP9AUBz-T9ULm0IOcpFV6NEj9UVh5Ivbi4VDU
"You uploaded a feed photo on January 19, 2024 at 5:44 PM (GMT)", -,https://media.licdn.com/dms/image/v2/D4D22AQFisDpxcIp1tA/feedshare-shrink_2048_1536/feedshare-shrink_2048_1536/0/1705686293688?e=1778716800&v=beta&t=IyUKLhM_Xgo3_YnUpnDDvwOFZ5tLbGQdUWdRpPeAPJ4
"You uploaded a feed photo on January 16, 2024 at 5:30 PM (GMT)", -,https://media.licdn.com/dms/image/v2/D4D22AQEc24GdU6s9Yw/feedshare-shrink_2048_1536/feedshare-shrink_2048_1536/0/1705426223305?e=1778716800&v=beta&t=BhO82_IIwyMs5Q2_SVA8JHEqsPMnj_XdSG67NbTagYU
"You uploaded a feed photo on January 15, 2024 at 2:44 PM (GMT)", -,https://media.licdn.com/dms/image/v2/D4D22AQGo1GRAqUOXJA/feedshare-shrink_2048_1536/feedshare-shrink_2048_1536/0/1705329899516?e=1778716800&v=beta&t=aLZigm9VN4sJQD2FQU01VCcYGN9QwUNsicX7oJt1fFA
"You uploaded a feed photo on January 11, 2024 at 6:15 PM (GMT)", -,https://media.licdn.com/dms/image/v2/D4D22AQGsitLvVrW3iw/feedshare-shrink_2048_1536/feedshare-shrink_2048_1536/0/1704996920177?e=1778716800&v=beta&t=0oxVM6O8zKiwno-PJ61_qxl2hMKTDapTWS424bbQ0kw
"You uploaded a feed photo on January 8, 2024 at 4:56 PM (GMT)", -,https://media.licdn.com/dms/image/v2/D4D22AQE4nwzcAvyYaA/feedshare-shrink_2048_1536/feedshare-shrink_2048_1536/0/1704732965294?e=1778716800&v=beta&t=uMiPec86kaXqOL5lH-YtDtmVIOaVAvqYXTl-e9CdxU8
"You uploaded a feed photo on January 3, 2024 at 2:39 PM (GMT)", -,https://media.licdn.com/dms/image/v2/D4D22AQGIbYM7UNr5Zg/feedshare-shrink_2048_1536/feedshare-shrink_2048_1536/0/1704292752505?e=1778716800&v=beta&t=DMVOjPb4tp3s9dxaDdirOBLSNv6Y9QvHPxL_9AoO0to
"You uploaded a feed photo on January 2, 2024 at 4:59 PM (GMT)", -,https://media.licdn.com/dms/image/v2/D4D22AQG6FehnIMeTHg/feedshare-shrink_2048_1536/feedshare-shrink_2048_1536/0/1704214787266?e=1778716800&v=beta&t=60UqVs_g_aZqwZjhvsB2KYeyTQPt6D5TmuWBL8GG78E
"You uploaded a feed photo on January 1, 2024 at 5:20 PM (GMT)", -,https://media.licdn.com/dms/image/v2/D4D22AQHTGejxRsYR3w/feedshare-shrink_2048_1536/feedshare-shrink_2048_1536/0/1704129625383?e=1778716800&v=beta&t=0OrsfFQGQ2asauXeAUcSTOj2gCktA7wQlDysLHkipZg
"You uploaded a feed photo on October 4, 2023 at 2:37 PM (GMT)", -,https://media.licdn.com/dms/image/v2/D4E22AQGehPqgtCVdxQ/feedshare-shrink_2048_1536/feedshare-shrink_2048_1536/0/1696430275626?e=1778716800&v=beta&t=dZN8E8iR716a1itdp1BvHjHYVPFU9jQHToGEs6goJ4w
"You uploaded a feed photo on October 3, 2023 at 2:38 PM (GMT)", -,https://media.licdn.com/dms/image/v2/D4E22AQEW2ORktnkT1A/feedshare-shrink_2048_1536/feedshare-shrink_2048_1536/0/1696343909612?e=1778716800&v=beta&t=1K5cP_3rvwXqZOPw9KtK87ub6rU2XvXDGQJw6KSycto
"You uploaded a feed photo on October 2, 2023 at 3:09 PM (GMT)", -,https://media.licdn.com/dms/image/v2/D4E22AQEmIuRbAlH91Q/feedshare-shrink_2048_1536/feedshare-shrink_2048_1536/0/1696259383865?e=1778716800&v=beta&t=TvG2HJFP6wLVUCPyfCPGEK-3W5rcWtCr4RBp4zxh8jA
"You uploaded a photo on October 2, 2023 at 9:20 AM (GMT)", -,https://media.licdn.com/dms/image/v2/D4E2CAQEDk2pviZXz9g/comment-image-shrink_8192_1280/comment-image-shrink_8192_1280/0/1696238451447?e=1777636800&v=beta&t=CBXwpTDKck5BJH97W0Mx-vKryr9oi87CBHGdPkb6u24
"You uploaded a feed photo on September 28, 2023 at 2:26 PM (GMT)", -,https://media.licdn.com/dms/image/v2/D4E22AQGzi_6CpDjBfw/feedshare-shrink_2048_1536/feedshare-shrink_2048_1536/0/1695911218179?e=1778716800&v=beta&t=yQ-0twZwLxNsSWIJChmkMjHjqb0G61_ZfJtp3xQYnOA
"You uploaded a feed photo on September 27, 2023 at 2:46 PM (GMT)", -,https://media.licdn.com/dms/image/v2/D4E22AQECvuqpIUxDmw/feedshare-shrink_2048_1536/feedshare-shrink_2048_1536/0/1695826000870?e=1778716800&v=beta&t=dIgCmdldgVmRwIKjs2pAcOrZX5hnmMl-pPMHKxr7Jas
"You uploaded a feed photo on September 26, 2023 at 2:27 PM (GMT)", -,https://media.licdn.com/dms/image/v2/D4E22AQHoyTJIoYuOlg/feedshare-shrink_2048_1536/feedshare-shrink_2048_1536/0/1695738471928?e=1778716800&v=beta&t=eGBkx10kAUFCbXPxS2iUFScRiaRTHw1lnw0lPIQX6v0
"You uploaded a feed photo on September 23, 2023 at 4:55 PM (GMT)", -,https://media.licdn.com/dms/image/v2/D4E22AQFwBhdAOa5dEg/feedshare-shrink_2048_1536/feedshare-shrink_2048_1536/0/1695488133822?e=1778716800&v=beta&t=fi75fiL3g7aKxYn7iHH7F5jI5TwgGcT_0axVxb3C_fY
"You uploaded a feed photo on September 21, 2023 at 3:10 PM (GMT)", -,https://media.licdn.com/dms/image/v2/D4E22AQFxdE3CM-GmdA/feedshare-shrink_2048_1536/feedshare-shrink_2048_1536/0/1695309018818?e=1778716800&v=beta&t=_tPGdHOib2Ng79kYcVeprluRiwNveJ6tdlIjHXTt8aE
"You uploaded a feed photo on September 19, 2023 at 2:56 PM (GMT)", -,https://media.licdn.com/dms/image/v2/D4E22AQHsDumrsnYhqg/feedshare-shrink_2048_1536/feedshare-shrink_2048_1536/0/1695135416467?e=1778716800&v=beta&t=ghy4tpYhn_1B20PwzdWxEhh252MlmneaIT4Pep52Mc4
"You uploaded a feed photo on September 18, 2023 at 3:00 PM (GMT)", -,https://media.licdn.com/dms/image/v2/D4E22AQEOyFY6O3ORvA/feedshare-shrink_2048_1536/feedshare-shrink_2048_1536/0/1695049207757?e=1778716800&v=beta&t=qZwrxR1PkUCGdp3OEniqBNawPmXUB0JxWNkS4LopHvQ
"You uploaded a feed photo on September 17, 2023 at 6:04 PM (GMT)", -,https://media.licdn.com/dms/image/v2/D4E22AQGBO_iM58SWEg/feedshare-shrink_2048_1536/feedshare-shrink_2048_1536/0/1694973861514?e=1778716800&v=beta&t=nBGjCbALwafRNxjg4E743XSZA3eKdqyfu8xtB1iX3Nk
"You uploaded a photo on September 14, 2023 at 3:55 PM (GMT)", -,https://media.licdn.com/dms/image/v2/D4E2CAQE_NNkWLpkRHw/comment-image-shrink_8192_1280/comment-image-shrink_8192_1280/0/1694706945259?e=1777636800&v=beta&t=XdQaQ2C-G7MsnmozP8r2n1_RO0MsRzEBBz42tMCYI6M
"You uploaded a feed photo on September 13, 2023 at 2:34 PM (GMT)", -,https://media.licdn.com/dms/image/v2/D4E22AQFOAhGmtm6ncA/feedshare-shrink_2048_1536/feedshare-shrink_2048_1536/0/1694615677741?e=1778716800&v=beta&t=DNZkS8avI7hloZn23eNh4HBy8bxX1O0W6XAzh0b4S4c
"You uploaded a feed photo on September 12, 2023 at 2:24 PM (GMT)", -,https://media.licdn.com/dms/image/v2/D4E22AQFbyMq6E_GZhA/feedshare-shrink_2048_1536/feedshare-shrink_2048_1536/0/1694528654964?e=1778716800&v=beta&t=0Fz99YdS8ibgag7K7vMiFZt39gvNq6xMrhQI5EtPgc4
"You uploaded a feed photo on September 11, 2023 at 2:06 PM (GMT)", -,https://media.licdn.com/dms/image/v2/D4E22AQHoEN6xs878wQ/feedshare-shrink_2048_1536/feedshare-shrink_2048_1536/0/1694441188864?e=1778716800&v=beta&t=ZYZW9lDy_BHePsJ0BFUSV07_opIqd7hD9aKC6m1YPcQ
"You uploaded a photo on September 9, 2023 at 7:15 PM (GMT)", -,https://media.licdn.com/dms/image/v2/D4E2CAQG_0lP5ZzdeGw/comment-image-shrink_8192_800/comment-image-shrink_8192_800/0/1694286921598?e=1777636800&v=beta&t=Hrmfm0NfixAO2HDEwFmXJk-UzoTgafoBcSxZwT96u_A
"You uploaded a feed photo on September 6, 2023 at 2:17 PM (GMT)", -,https://media.licdn.com/dms/image/v2/D4E22AQFG3zd_LJSkqA/feedshare-shrink_2048_1536/feedshare-shrink_2048_1536/0/1694009872844?e=1778716800&v=beta&t=305ImdYUvY0EIkUfl6zCRMvBDaetO76KUv2tK5SKHt0
"You uploaded a feed photo on September 5, 2023 at 2:29 PM (GMT)", -,https://media.licdn.com/dms/image/v2/D4E22AQHkqUiHBXP_qQ/feedshare-shrink_2048_1536/feedshare-shrink_2048_1536/0/1693924180787?e=1778716800&v=beta&t=pw1ngeM2LbunCZcxqlguIAkEsBcdlRB9UWCWtPe5usw
"You uploaded a feed photo on September 4, 2023 at 2:11 PM (GMT)", -,https://media.licdn.com/dms/image/v2/D4E22AQEuYzKSZZfvrA/feedshare-shrink_2048_1536/feedshare-shrink_2048_1536/0/1693836685281?e=1778716800&v=beta&t=EQnW5CBrz2qRahDfP5zlBncjaVMLbVmVoc1JzUNyuPw
"You uploaded a feed photo on September 2, 2023 at 9:39 AM (GMT)", -,https://media.licdn.com/dms/image/v2/D4E22AQFVKIluSK1HDQ/feedshare-shrink_2048_1536/feedshare-shrink_2048_1536/0/1693647562355?e=1778716800&v=beta&t=SypNhqeumo7fwBUTqYcdIS-jpoe4Zao_eS2MF7EPIKk
"You uploaded a feed document on August 31, 2023 at 3:01 PM (GMT)","Stop overcomplicating Git!
99% of the time, you need only 7 commands.

Let's say you are on the master branch, and have some local configurations.

Before your work:
? git stash - to not lose them
? git pull - get remote updates
? git stash apply* - restore changes
??
Then:
? git checkout -b feature-branch
? -----DO THE WORK------
? git add . (requires a good .gitignore file)
? git commit -m ""Added skeleton for feature""
? git push**

* Thanks Orel for the tip about apply vs pop
** In the first time it will fail, and suggest the fix:
git push --set-upstream origin BRANCH-NAME

THAT'S IT!

The cases where you need rebase, cherry pick, reset and all their friends - are rare.

Any command I missed?

#leadingdevelopers 
#git ",https://media.licdn.com/dms/document/media/v2/D4E1FAQF5xQonc7dszw/feedshare-document-url-metadata-scrapper-pdf/feedshare-document-url-metadata-scrapper-pdf/0/1693494067691?e=1777636800&v=beta&t=UYnEfmKMT97r_kCKuqnMpPxlFMcLB_uJSDwmQ6FjPVw
"You uploaded a feed document on August 31, 2023 at 12:06 PM (GMT)", -,https://media.licdn.com/dms/document/media/v2/D4E1FAQHzWAgRE0y8tA/feedshare-document-url-metadata-scrapper-pdf/feedshare-document-url-metadata-scrapper-pdf/0/1693483605668?e=1777636800&v=beta&t=YUZ4zXPPuh3SMKMxNWkwTnEhq3ae_x9q_Z62UG48E6w
"You uploaded a feed photo on August 30, 2023 at 2:50 PM (GMT)", -,https://media.licdn.com/dms/image/v2/D4E22AQFLK1Y4Dl2dQA/feedshare-shrink_2048_1536/feedshare-shrink_2048_1536/0/1693407030552?e=1778716800&v=beta&t=9poM-8kb2P5O9BpML_6H6kmCd7auGcc_dDdcbK2dxvA
"You uploaded a feed photo on August 29, 2023 at 2:36 PM (GMT)", -,https://media.licdn.com/dms/image/v2/D4E22AQFdxgnZ36zJbQ/feedshare-shrink_2048_1536/feedshare-shrink_2048_1536/0/1693319770494?e=1778716800&v=beta&t=6JQYiQk_B-HPUgnplyNzBbqMzrOuwwlOVUNcVGDPcgs
"You uploaded a feed photo on August 28, 2023 at 2:35 PM (GMT)", -,https://media.licdn.com/dms/image/v2/D4E22AQHd2IFM321AcQ/feedshare-shrink_2048_1536/feedshare-shrink_2048_1536/0/1693233318248?e=1778716800&v=beta&t=JWuCSCNVEglsB7tLezh-ZK7ndzqS30GnFCiOwHQgO6E
"You uploaded a feed document on August 24, 2023 at 9:42 AM (GMT)", -,https://media.licdn.com/dms/document/media/v2/D4E1FAQGDzAgb_XPiuQ/feedshare-document-url-metadata-scrapper-pdf/feedshare-document-url-metadata-scrapper-pdf/0/1692870152617?e=1777636800&v=beta&t=EVVyQplNWNUeWzFAswLp-8pc43cWjbDu_JJUV3evkCg
"You uploaded a feed photo on August 23, 2023 at 3:11 PM (GMT)", -,https://media.licdn.com/dms/image/v2/D4E22AQF3Uk9_kQE6CQ/feedshare-shrink_2048_1536/feedshare-shrink_2048_1536/0/1692803495868?e=1778716800&v=beta&t=njdPD-BlKoFmcKopj8yfyNI8vGFdoSqOwRCYpC-R2Fc
"You uploaded a photo on August 23, 2023 at 9:56 AM (GMT)", -,https://media.licdn.com/dms/image/v2/D4E2CAQFK25qWa73H7A/comment-image-shrink_8192_480/comment-image-shrink_8192_480/0/1692784581475?e=1777636800&v=beta&t=J-Rrd7IwqmEC2jCD5T2Oqb6kLaJpNyl14kaX8PQuiuA
"You uploaded a feed photo on August 22, 2023 at 2:09 PM (GMT)", -,https://media.licdn.com/dms/image/v2/D4E22AQHDDlbTgHob5A/feedshare-shrink_2048_1536/feedshare-shrink_2048_1536/0/1692713401555?e=1778716800&v=beta&t=Az28_SqXlOel1sPDYYCqfQLSTxySNULG-d2piwS2DtM
"You uploaded a feed photo on August 21, 2023 at 2:34 PM (GMT)", -,https://media.licdn.com/dms/image/v2/D4E22AQGoawa6J4Ozuw/feedshare-shrink_2048_1536/feedshare-shrink_2048_1536/0/1692628494967?e=1778716800&v=beta&t=dUpB2hQbe5yxbWmvV0xO654TIijXwo34uAqL2ylxkK8
"You uploaded a feed photo on August 19, 2023 at 5:19 PM (GMT)", -,https://media.licdn.com/dms/image/v2/D4E22AQGlJljEBbdVUw/feedshare-shrink_2048_1536/feedshare-shrink_2048_1536/0/1692465589486?e=1778716800&v=beta&t=_vqBMd1IBVljTcPdQNrYJLjpthEcFYNNd9bUwDzBnqI
"You uploaded a photo on August 17, 2023 at 8:06 AM (GMT)", -,https://media.licdn.com/dms/image/v2/D4E2CAQEMnd-TUKiS1g/comment-image-shrink_8192_480/comment-image-shrink_8192_480/0/1692259599734?e=1777636800&v=beta&t=u4SBBhJwjloMIvPSv1jl10sKPZztig-iRZzTxSpxcPw
"You uploaded a feed photo on August 16, 2023 at 3:16 PM (GMT)", -,https://media.licdn.com/dms/image/v2/D4E22AQGwJnlX2Vi7BA/feedshare-shrink_2048_1536/feedshare-shrink_2048_1536/0/1692198999923?e=1778716800&v=beta&t=6_w3OzpSEFvT1h2wmEsnKkh3lRJIkuv3K5HncEeZf2o
"You uploaded a feed document on August 15, 2023 at 2:49 PM (GMT)","Average developers: ""Let the DevOps team handle the k8s stuff, that's why they exist!""

Great developers - want to know how their code is being deployed to production.

Having good knowledge of K8s:
? Enables you to be less dependent on DevOps
? Helps you debug issues much faster
? Makes you a better developer

Simple commands that I use, AS A DEVELOPER:

1. ??????? ???????? ??? ???_???? -? ??????????
2. ??????? ??? ???? -? ????????? | ???? ????_???????
3. ??????? ???? ???_???? -? ???????????-- ??? | ???? ??????_????
???
P.S. What's your take on DevOps skills?

#leadingdevelopers
#kubectl
#k8s",https://media.licdn.com/dms/document/media/v2/D561FAQHAO9mvz9gDsA/feedshare-document-url-metadata-scrapper-pdf/feedshare-document-url-metadata-scrapper-pdf/0/1692110956597?e=1777636800&v=beta&t=nGGOfPd7H02wbYmV329oxTNyKdVhuDhlLxrxf7RbfW8
"You uploaded a feed photo on August 14, 2023 at 2:10 PM (GMT)", -,https://media.licdn.com/dms/image/v2/D4E22AQEDSDzvqU6mmg/feedshare-shrink_2048_1536/feedshare-shrink_2048_1536/0/1692022240917?e=1778716800&v=beta&t=Equj1bHhmoJNMvy1NHqW2CXv6LP8-HeKj90MRIGMO8k
"You uploaded a feed photo on August 13, 2023 at 2:31 PM (GMT)", -,https://media.licdn.com/dms/image/v2/D4E22AQGLxX6ZeqsMLA/feedshare-shrink_2048_1536/feedshare-shrink_2048_1536/0/1691937087263?e=1778716800&v=beta&t=vFmgmLa4Vy0zYl_W8qvQdZ0BzQB3eiZUiIFP961Y-hU
"You uploaded a feed document on August 10, 2023 at 1:29 PM (GMT)", -,https://media.licdn.com/dms/document/media/v2/D4E1FAQG_pSemHW1Thg/feedshare-document-url-metadata-scrapper-pdf/feedshare-document-url-metadata-scrapper-pdf/0/1691674191488?e=1777636800&v=beta&t=uKLzeV26UV3eniV5nr5dGOJqoNHUX7subA9nGtYlyf0
"You uploaded a feed photo on August 8, 2023 at 2:54 PM (GMT)", -,https://media.licdn.com/dms/image/v2/D4E22AQEDypTS-b4Fow/feedshare-shrink_2048_1536/feedshare-shrink_2048_1536/0/1691506480122?e=1778716800&v=beta&t=G5OtVwQLR8KkvWGh9HZyXAlR4042KbSl_Yr0msspsBE
"You uploaded a feed photo on August 7, 2023 at 2:17 PM (GMT)", -,https://media.licdn.com/dms/image/v2/D4E22AQF3yTIhtdbwng/feedshare-shrink_2048_1536/feedshare-shrink_2048_1536/0/1691417854212?e=1778716800&v=beta&t=MIZrPXBZtg1wrfJkOd-Wf4p173Ovf-fN6Z96VbMXev4
"You uploaded a feed photo on August 6, 2023 at 2:25 PM (GMT)", -,https://media.licdn.com/dms/image/v2/D4E22AQFaKWetq_VKEQ/feedshare-shrink_2048_1536/feedshare-shrink_2048_1536/0/1691331922249?e=1778716800&v=beta&t=Ltst4s20EPDr3oFrhELAoAdEn3npxC55Q8yOruRy-lo
"You uploaded a video on August 2, 2023 at 3:35 PM (GMT)", -,https://dms.licdn.com/playlist/vid/dynamic/D4E05AQGquBoYODxHiw/BAQMpkHrg?e=1777636800&v=beta&t=uVEMqg5RsyJGM2IpRS4XL2a12q9UG5Tq7lHY4ffeNh4
"You uploaded a feed photo on August 1, 2023 at 3:27 PM (GMT)", -,https://media.licdn.com/dms/image/v2/D4E22AQEdJ-ZOwXwxWw/feedshare-shrink_2048_1536/feedshare-shrink_2048_1536/0/1690903660940?e=1778716800&v=beta&t=wwq5-LVNIkiCFDmvnJHAw-F9Pwd2TtaU9ESDVpwCgmQ
"You uploaded a feed photo on July 27, 2023 at 1:21 PM (GMT)", -,https://media.licdn.com/dms/image/v2/D4E22AQF2Wr1UUUgtIQ/feedshare-shrink_2048_1536/feedshare-shrink_2048_1536/0/1690464102144?e=1778716800&v=beta&t=GvaiD486FxOc-2cJXTPL_TYmKuSna7Wn8B5sccNtA9o
"You uploaded a feed document on July 25, 2023 at 2:06 PM (GMT)","? Feel you deserve a raise, but afraid to ask?
? Think you should?ve gotten that promotion?
? Not sure in which areas you should improve?

That's what engineering ladders are for!

To clearly define the expectations from each role:
? Developers 
? Tech Leads
? Architects
? Managers

There are various ladders, I use here the one from engineeringladders dot com, by Jorge Fioranelli 

This post is focused on the ????????? ????.

???? ??????? - it?s our responsibility too! 
Talk with your people about the ladders.

Make sure they understand where they stand now, and ??? ?? ???????!

P.S.: What's your take on engineering ladders?

#developerjob
#leadingdevelopers
 #engineeringcareers ",https://media.licdn.com/dms/document/media/v2/D4E1FAQFpkRoWQqju3w/feedshare-document-url-metadata-scrapper-pdf/feedshare-document-url-metadata-scrapper-pdf/0/1690293981854?e=1777636800&v=beta&t=VA9psUjPbFlJUCsOtGocFa8hevqIbHEW7RsUGYyPNBc
"You uploaded a feed photo on July 24, 2023 at 2:09 PM (GMT)", -,https://media.licdn.com/dms/image/v2/D4E22AQEenYdDRAWq6A/feedshare-shrink_2048_1536/feedshare-shrink_2048_1536/0/1690207798868?e=1778716800&v=beta&t=cYUnt5vmM5OFf9DpoQEjTG2tDaYzfhKIBPHIW00j5wY
"You uploaded a photo on July 23, 2023 at 7:49 AM (GMT)", -,https://media.licdn.com/dms/image/v2/D4E2CAQH1BJIg55J9tw/comment-image-shrink_8192_480/comment-image-shrink_8192_480/0/1690098560208?e=1777636800&v=beta&t=ryz_1ClCrucCulAiQ7m9xYNYLzPEzKdQ_xwmSaS7pvg
"You uploaded a photo on July 23, 2023 at 7:48 AM (GMT)", -,https://media.licdn.com/dms/image/v2/D4E2CAQHG_dRM3joOQA/comment-image-shrink_8192_1280/comment-image-shrink_8192_1280/0/1690098509848?e=1777636800&v=beta&t=H4tcpGudOXSmVgtIA6NJLjtQunNgtbN9Q26YFrxL8jU
"You uploaded a photo on July 23, 2023 at 7:35 AM (GMT)", -,https://media.licdn.com/dms/image/v2/D4E2CAQExM6dLaCwnSw/comment-image-shrink_8192_480/comment-image-shrink_8192_480/0/1690097731638?e=1777636800&v=beta&t=jkN3euVkIJQ-qmjZKE9VbqKJdCcz4-I0ZMhlr-IGlV4
"You uploaded a feed photo on July 22, 2023 at 5:17 PM (GMT)", -,https://media.licdn.com/dms/image/v2/D4E22AQHnoggbPcLpaw/feedshare-shrink_2048_1536/feedshare-shrink_2048_1536/0/1690046245681?e=1778716800&v=beta&t=C_R-xMAl8Rjs1uIRSE6nsprFaDbTOTvyAN6LWdCkMaM
"You uploaded a photo on July 20, 2023 at 10:08 AM (GMT)", -,https://media.licdn.com/dms/image/v2/D4E2CAQHXRvjFcoTl9g/comment-image-shrink_8192_800/comment-image-shrink_8192_800/0/1689847697055?e=1777636800&v=beta&t=Q4dKriIOBWYpP0axfMd07o5zEqjv4EKPhzA76I3Y_og
"You uploaded a photo on July 20, 2023 at 8:30 AM (GMT)", -,https://media.licdn.com/dms/image/v2/D4E2CAQH5AdsYrkq1TA/comment-image-shrink_8192_800/comment-image-shrink_8192_800/0/1689841834989?e=1777636800&v=beta&t=OPC-PHkZPFsQVCPVKkjAal7J_obzlaMbOqoHXLHndgs
"You uploaded a feed document on July 20, 2023 at 6:40 AM (GMT)", -,https://media.licdn.com/dms/document/media/v2/D4E1FAQGTAfiiYamS7A/feedshare-document-url-metadata-scrapper-pdf/feedshare-document-url-metadata-scrapper-pdf/0/1689835222782?e=1777636800&v=beta&t=bjWn3lTRFKZFticl48FqTu5SCuPiun2mDJfEdKFkcKc
"You uploaded a feed document on July 20, 2023 at 6:38 AM (GMT)","Become an SQL master with 1 simple trick:

Using CTEs. 

If you are low on time - jump to pages 11 to 16.

#leadingdevelopers #sqltips #sqlexperts
",https://media.licdn.com/dms/document/media/v2/D4E1FAQEKoPbfuhJKEg/feedshare-document-url-metadata-scrapper-pdf/feedshare-document-url-metadata-scrapper-pdf/0/1689835101558?e=1777636800&v=beta&t=ZiWlpSD8jbmk4Z-L0jODM3QB692MngvPs1OWrnjsf98
"You uploaded a feed photo on July 19, 2023 at 6:25 AM (GMT)", -,https://media.licdn.com/dms/image/v2/D4E22AQEaFikU3mxG5g/feedshare-shrink_2048_1536/feedshare-shrink_2048_1536/0/1689747909288?e=1778716800&v=beta&t=voQApl2O7pCf_OzwidJShrzE-HeCQdWvFB4APvBAwDY
"You uploaded a photo on July 18, 2023 at 6:14 AM (GMT)", -,https://media.licdn.com/dms/image/v2/D4E2CAQGKwclYe59WHA/comment-image-shrink_8192_1280/comment-image-shrink_8192_1280/0/1689660896049?e=1777636800&v=beta&t=Z_FE5ehUcUHLtOCB2A9i6V07u-a0BL8eNDRws9DlYq4
"You uploaded a feed photo on July 18, 2023 at 6:10 AM (GMT)", -,https://media.licdn.com/dms/image/v2/D4E22AQHJ-qCrXTUiiw/feedshare-shrink_2048_1536/feedshare-shrink_2048_1536/0/1689660628839?e=1778716800&v=beta&t=IF3-Y03gGX2F40OkWROAC7NUdQW7bec9yLKzkDwiDoU
"You uploaded a feed photo on July 17, 2023 at 6:05 AM (GMT)", -,https://media.licdn.com/dms/image/v2/D4E22AQFXAgiu6TR7zQ/feedshare-shrink_2048_1536/feedshare-shrink_2048_1536/0/1689573938466?e=1778716800&v=beta&t=wNhbwkSYj2S-RuQEI1ViIuuFZR6z-NwPtcXhj2Ff-Es
"You uploaded a video on July 15, 2023 at 7:10 PM (GMT)", -,https://dms.licdn.com/playlist/vid/dynamic/D4E05AQFoCam0tm-Fzw/BAQiSfONw?e=1777636800&v=beta&t=JeBNzGN2TBYFRuic2mRjnArQfMWAazaRBxDzOYwpOeQ
"You uploaded a feed photo on July 14, 2023 at 1:12 PM (GMT)", -,https://media.licdn.com/dms/image/v2/D4E22AQGewDiki4AJ0w/feedshare-shrink_2048_1536/feedshare-shrink_2048_1536/0/1689340341253?e=1778716800&v=beta&t=-1X2uYQ5Df-xHs0H9RN5uUcaCeOg-YU44iggQjsUl-s
"You uploaded a feed photo on July 12, 2023 at 6:01 AM (GMT)", -,https://media.licdn.com/dms/image/v2/D4E22AQHNQlNSYMViug/feedshare-shrink_2048_1536/feedshare-shrink_2048_1536/0/1689141719175?e=1778716800&v=beta&t=lp9C86PfbzW0YHZ1qsIq-O10XjC8xrB61cAS19243Ow
"You uploaded a feed photo on July 10, 2023 at 2:05 PM (GMT)", -,https://media.licdn.com/dms/image/v2/D4E22AQFmjXzcDHBf5A/feedshare-shrink_2048_1536/feedshare-shrink_2048_1536/0/1688997919594?e=1778716800&v=beta&t=FEsft26UMlCq7Gmhq9snu4GitGJjfTiGWZA39-2k9QA
"You uploaded a feed photo on July 8, 2023 at 6:06 PM (GMT)", -,https://media.licdn.com/dms/image/v2/D4E22AQH4ZR7wiJ2cNA/feedshare-shrink_2048_1536/feedshare-shrink_2048_1536/0/1688839617596?e=1778716800&v=beta&t=FSpxArBWhTH5EFGtAwk1G4vWkwHHNBaheSkCIbzBA8Y
"You uploaded a feed document on July 5, 2023 at 6:44 AM (GMT)","Ever had a total disaster at work? 

Try becoming the CEO of General Electric 4 days before the 9/11 attacks...

----------

I love reading business/leadership books for 3 reasons:
? It inspires me
? It gives me some perspective 
? There are useful lessons I can apply

On September 7th, 2001, Immelt became the CEO of General Electric. He replaced Jack Welch - who is considered one of the best CEOs in American history.

He didn't have to wait long for a crisis.

The 9/11 attacks almost destroyed the company. GE:
? Had a re-insurance business. Billions $ paid.
? Was affected by the stock market crash.
? Was heavily invested in making engines for airplanes (the whole aviation sector collapsed).
??
Somehow, Jeff Immelt navigated through it all.

7 years later:
The global financial crisis arrives. 
GE almost goes broke. 
He manages that. 

In 2011, 3 years later:
The Fukushima nuclear disaster occurs.
 It was built using GE designs...

Jeff Immelt was the CEO for 16 very challenging years.

In his book, ""??? ????: ????-??? ??????? ?? ??????????? ?????"", he shares his stories, lessons, and thoughts. 

---------------------

Here are ? ?????????? ??????? from the book:
(more details in the carousel)

1. The best leaders absorb fear. 

2. In your career, you meet only a handful of leaders who have the trifecta of being able to: 
? ????????, 
? ???????, 
? ??????? talent.

3. Building a strong connection to the people you work with is about two things: ???? ??? ?????. You?ve got to spend the time, and you?ve got to tell the truth.

4. Here?s what the financial crisis taught me: some people point fingers in a crisis, others solve problems. There?s very little overlap between these two groups.

5. Best interview question: ?How did you solve ? ??????? ??? ?????????.

6. I?d always believed an important determinant of success could be found in how one answered three questions: 
- How ???? can you learn? 
- How much ??? ??? ????? 
- What ???? ??? ???? to those around you? 

7. Leadership is an intense journey into yourself. If you can go to bed feeling beaten up and rise the next morning ready to keep listening and learning, then I believe you can lead.

---------------------

I love the last one the most. 
It?s a tough journey, but I enjoy waking up for it every day.

?.?. ?????? ??? ???? ?? ???????? ??????????? ??? ??????????!

#leadershipdevelopment #leadershiplessons #ceoinsights ",https://media.licdn.com/dms/document/media/v2/D4E1FAQHuhX6c8-aSRQ/feedshare-document-url-metadata-scrapper-pdf/feedshare-document-url-metadata-scrapper-pdf/0/1688539484440?e=1777636800&v=beta&t=_J4hAXa5XGwM3kIuU3j29x3fxPIhLQeae_ZpYWhXP3c
"You uploaded a feed photo on July 4, 2023 at 2:02 PM (GMT)", -,https://media.licdn.com/dms/image/v2/D4E22AQF6o8fbF5FIHw/feedshare-shrink_2048_1536/feedshare-shrink_2048_1536/0/1688479420712?e=1778716800&v=beta&t=PqVLHtbQx2sQRXYaE9wc9sfm0Fs4vDfG_qp0ddwT3y0
"You uploaded a feed document on July 3, 2023 at 2:05 PM (GMT)","7 reasons why YOU need 3D in your website!

Juniors - number 4 is especially relevant for you.

Almost all websites use just 2D graphics.
Even the fanciest ones stick to two dimensions.

Here are simple reasons why you might want to pop some 3D elements into your website:

1. E-Commerce Product Display 
2. Education and Training
3. Scientific visualization
4. Impressive portfolio
5. Art & Creativity
6. Real Estate
7. Gaming

Let?s see some examples!

* ??? ??? ???????? ??? ???? ???? ????????, ????? ??? ?? ??? ????????. ???? ???? ??????? ???? ???????, ????? ??? ?? ?????? ???????!

Enjoy :)

?.?. ?????? ??? ???? ?? ???????? ???????????!

#webgl ?#threejs #softwaredevelopment ",https://media.licdn.com/dms/document/media/v2/D4E1FAQFKnL0VjXb4ug/feedshare-document-url-metadata-scrapper-pdf/feedshare-document-url-metadata-scrapper-pdf/0/1688393190170?e=1777636800&v=beta&t=9kEL4Yj9Z2TDiq3dFR-ukD3EkcsjDHHJW9NO_w4VbAw
"You uploaded a feed photo on July 1, 2023 at 5:45 PM (GMT)", -,https://media.licdn.com/dms/image/v2/D4E22AQERiVe0-9TL8A/feedshare-shrink_2048_1536/feedshare-shrink_2048_1536/0/1688233544003?e=1778716800&v=beta&t=lpSuzjAZ_I8I1ol4quaD7mRhep0bb3PTjmAEab-2zLs
"You uploaded a feed photo on June 28, 2023 at 2:02 PM (GMT)", -,https://media.licdn.com/dms/image/v2/D4E22AQH9dvIT2VFFzw/feedshare-shrink_2048_1536/feedshare-shrink_2048_1536/0/1687960982384?e=1778716800&v=beta&t=5AebcEIdb5ENZaRVLZZwBKFoQn_xBsKhAI3BXgIPqdY
"You uploaded a feed photo on June 27, 2023 at 2:44 PM (GMT)", -,https://media.licdn.com/dms/image/v2/D4E22AQELAbLfjWUJfg/feedshare-shrink_2048_1536/feedshare-shrink_2048_1536/0/1687877080008?e=1778716800&v=beta&t=FPEK7HilFqi_Z9FelGNnXCgP_ogUN0-a3agqiYhMnlg
"You uploaded a feed document on June 26, 2023 at 2:09 PM (GMT)", -,https://media.licdn.com/dms/document/media/v2/D4D1FAQG5WvDCQbJNsw/feedshare-document-url-metadata-scrapper-pdf/feedshare-document-url-metadata-scrapper-pdf/0/1687788592903?e=1777636800&v=beta&t=HMKZXtpafgVk-fbLREC7-8G1w790RNks7ZzG2zNZbU8
"You uploaded a feed document on June 26, 2023 at 2:07 PM (GMT)","Publishing your website for FREE in 60 seconds:

? ???? ?'? ~10 ????? ???? ??? ???? ?????, ??? ????? ?'? ??? ??? ???? ???...

Last week I finished a side project, and shared the repo with my team.

A developer asked - ?why don?t you give us a URL to try it out? I don?t want to clone it.?

I'm ashamed to say I didn?t even think about that. I thought it takes time, configuration, and some money.

Then I learned about GitHub Pages.

I published my website in a minute, and got free statistics on the usage!

Here's how, in 4 simple steps:

* ??'? ???? ??? ?????? ????????.

#github #softwaredemo #frontend ",https://media.licdn.com/dms/document/media/v2/D4D1FAQHkSSDg7_ok0g/feedshare-document-url-metadata-scrapper-pdf/feedshare-document-url-metadata-scrapper-pdf/0/1687788427064?e=1777636800&v=beta&t=tgD6sfpDy8JtOS8Znm6Ig1oUcWl8P9aSo-yayk43SEQ
"You uploaded a feed document on June 25, 2023 at 2:42 PM (GMT)", -,https://media.licdn.com/dms/document/media/v2/D4D1FAQFSBPi1nflQEw/feedshare-document-url-metadata-scrapper-pdf/feedshare-document-url-metadata-scrapper-pdf/0/1687704175880?e=1777636800&v=beta&t=8fhBgMb5sGw1L1BLdDJ_2fKOaCQ_iUuYNaR8JytDrr8
"You uploaded a feed photo on June 24, 2023 at 5:15 PM (GMT)", -,https://media.licdn.com/dms/image/v2/D4D22AQHq8AxdJPSlSw/feedshare-shrink_2048_1536/feedshare-shrink_2048_1536/0/1687626902020?e=1778716800&v=beta&t=Ya_PYxRmDe5QNTbaCL3hVYrAN9-en-3KeTAnmTDPCAA
"You uploaded a feed document on June 21, 2023 at 2:20 PM (GMT)", -,https://media.licdn.com/dms/document/media/v2/D4D1FAQGnhtu3R8ygNg/feedshare-document-url-metadata-scrapper-pdf/feedshare-document-url-metadata-scrapper-pdf/0/1687357212746?e=1777636800&v=beta&t=JBSaxvHOvYu7n8RpKGXMl7sMsljD9_jnVpLwJUd17r4
"You uploaded a feed document on June 21, 2023 at 2:18 PM (GMT)", -,https://media.licdn.com/dms/document/media/v2/D4D1FAQGZ3vOCC_eusQ/feedshare-document-url-metadata-scrapper-pdf/feedshare-document-url-metadata-scrapper-pdf/0/1687357136975?e=1777636800&v=beta&t=VTZ2B39bEIujL8PWCXhYwOq3H2XSNH_XHgCo7FpWDQE
"You uploaded a feed document on June 21, 2023 at 2:11 PM (GMT)","A developer spends ?? ????? each year waiting for Docker builds!

While I invented this number, I'm sure it's not far from the truth.

Here are 6 simple tips on cutting the time your builds take by 90%:",https://media.licdn.com/dms/document/media/v2/D4D1FAQHLOwZC6GniiQ/feedshare-document-url-metadata-scrapper-pdf/feedshare-document-url-metadata-scrapper-pdf/0/1687356702778?e=1777636800&v=beta&t=CgfXtbs6BmafcgEaow219nFRMStJwd8Mh5Cx364qUKI
"You uploaded a feed photo on June 20, 2023 at 2:39 PM (GMT)", -,https://media.licdn.com/dms/image/v2/D4D22AQHvmGkjZ9WJgw/feedshare-shrink_2048_1536/feedshare-shrink_2048_1536/0/1687271988911?e=1778716800&v=beta&t=4eltqtq0I3C4-hAD8DwOnQ2Bygv_eucmQQ_HDgXV7Ug
"You uploaded a video on June 19, 2023 at 4:08 PM (GMT)", -,https://dms.licdn.com/playlist/vid/dynamic/D4D05AQGOwHXxOn4_6Q/BAQeDYkQg?e=1777636800&v=beta&t=VOf5IgS0SqYmcIorB-4-vFrW6Dkr7wx4jd1JSL8o9Ug
"You uploaded a video on June 19, 2023 at 4:00 PM (GMT)", -,https://dms.licdn.com/playlist/vid/dynamic/D4D05AQE9LjUUWUhWzA/BAg4JUr9aoXnnI?e=1777636800&v=beta&t=UXiZ2AZjGe9AyFyyNmRW4ylh3lkimmxOGiZRKCs3gGc
"You uploaded a feed photo on June 17, 2023 at 6:43 PM (GMT)", -,https://media.licdn.com/dms/image/v2/D4D22AQGmfY2szOtSfQ/feedshare-shrink_2048_1536/feedshare-shrink_2048_1536/0/1687027428612?e=1778716800&v=beta&t=qBG0wj15ODZpCl_JfJPkqBcrl52PVw0DajbPOI01QW4
"You uploaded a feed photo on June 15, 2023 at 2:22 PM (GMT)", -,https://media.licdn.com/dms/image/v2/D4D22AQGzSi05oIsGGA/feedshare-shrink_2048_1536/feedshare-shrink_2048_1536/0/1686838955586?e=1778716800&v=beta&t=aZdPpjoQu_u57KKORBsq61sJFvsqyXoTP1cy4TpAE5E
"You uploaded a feed photo on June 14, 2023 at 2:13 PM (GMT)", -,https://media.licdn.com/dms/image/v2/D4D22AQGMsfOkvrGHWw/feedshare-shrink_2048_1536/feedshare-shrink_2048_1536/0/1686751985182?e=1778716800&v=beta&t=CN2PkbLDbecZQ_9ZBjtEHhDBLnYXw66xPt1ZSoD2ShI
"You uploaded a feed photo on June 13, 2023 at 2:04 PM (GMT)", -,https://media.licdn.com/dms/image/v2/D4D22AQHAjbmxa7Tl9w/feedshare-shrink_2048_1536/feedshare-shrink_2048_1536/0/1686665106746?e=1778716800&v=beta&t=5a9v5N0IuLz0DAKfNlHejDDFdBWjbCUNUo-f5A8_tyQ
"You uploaded a feed photo on June 12, 2023 at 2:12 PM (GMT)", -,https://media.licdn.com/dms/image/v2/D4D22AQH83tWeSxb_iA/feedshare-shrink_2048_1536/feedshare-shrink_2048_1536/0/1686579166028?e=1778716800&v=beta&t=OnAYOHn9KJyvIWL-jjuCdkHihzrm2gpvp5kZboARQkY
"You uploaded a feed photo on June 10, 2023 at 5:39 PM (GMT)", -,https://media.licdn.com/dms/image/v2/D4D22AQGzMNfMfb703w/feedshare-shrink_2048_1536/feedshare-shrink_2048_1536/0/1686418764459?e=1778716800&v=beta&t=PKNWNva7ZYOcSwONG8mgggLQqspnf7sPQY4egOKzBgI
"You uploaded a feed photo on June 8, 2023 at 1:52 PM (GMT)", -,https://media.licdn.com/dms/image/v2/D4D22AQHNjCK9FwQA-w/feedshare-shrink_2048_1536/feedshare-shrink_2048_1536/0/1686232342942?e=1778716800&v=beta&t=iuZ3d1aAb8GU2vBHlhcfSfZA312n_G1iF7hoAjeGWXc
"You uploaded a feed photo on June 7, 2023 at 2:26 PM (GMT)", -,https://media.licdn.com/dms/image/v2/D4D22AQE5r-hSioL6Kw/feedshare-shrink_2048_1536/feedshare-shrink_2048_1536/0/1686148010402?e=1778716800&v=beta&t=eej92t0r6NkbQCzgnwxv9knABl8Hh9WA2Vx4g7Z0m1Q
"You uploaded a photo on June 7, 2023 at 8:36 AM (GMT)", -,https://media.licdn.com/dms/image/v2/D4D2CAQEGOezDBPtXeg/comment-image-shrink_8192_480/comment-image-shrink_8192_480/0/1686127002367?e=1777636800&v=beta&t=F0YM_m-2SZnNAeUqtzJl_LWgWwq_K31Zic-CI1x4UC4
"You uploaded a feed document on June 6, 2023 at 10:49 AM (GMT)", -,https://media.licdn.com/dms/document/media/v2/D4D1FAQGaQycpI8TgZg/feedshare-document-url-metadata-scrapper-pdf/feedshare-document-url-metadata-scrapper-pdf/0/1686048563615?e=1777636800&v=beta&t=Tfx2q63CuKCTOxIMWNT_9ntlEaRMLpy81Tnuc724p_o
"You uploaded a feed document on June 5, 2023 at 2:57 PM (GMT)","8 reasons why developers MUST use MidJourney:

While ChatGPT is our best friend, MidJourney seems less useful. 

You know designers love it. You see the crazy results. 

But why do YOU need it?

Because - Good images are the foundation of ANY project.

1. A Logo
2. A Website 
3. A Blog post
4. An eBook / guide
5. An Event Promotion
6. An Inspiration Board
7. A Product visualization
8. Personal branding campaign

Here is a simple guide on WHEN and HOW you could use MidJourney in your life.

Enjoy :)

?.?. ??'? ????????? ?? ??????? - 95% ?? ??? ????? ??? ????? ?? Rory Flynn'? ???????. ??? ???? ??? ????????? ???? ??? ????????.

?????? ??? ?????? ?? ??????????!

#midjourney #softwaredevelopment ",https://media.licdn.com/dms/document/media/v2/D4D1FAQFKUi59VrDnYw/feedshare-document-url-metadata-scrapper-pdf/feedshare-document-url-metadata-scrapper-pdf/0/1685977044340?e=1777636800&v=beta&t=3uCADjnELeL1A76WGxAkWfaIODfyq87u4Cmf9UvnCRQ
"You uploaded a feed photo on June 3, 2023 at 4:53 PM (GMT)", -,https://media.licdn.com/dms/image/v2/D4E22AQGDfN_MSdstfg/feedshare-shrink_2048_1536/feedshare-shrink_2048_1536/0/1685811222661?e=1778716800&v=beta&t=HqsLfiI4-RB1n6W956c3cMrCdnKXLYqkxowR-5l2V70
"You uploaded a feed photo on May 30, 2023 at 5:49 PM (GMT)", -,https://media.licdn.com/dms/image/v2/D4D22AQGLcca1T0rtZg/feedshare-shrink_2048_1536/feedshare-shrink_2048_1536/0/1685468987086?e=1778716800&v=beta&t=W3vMaPG_K96_TtohDc7mJYSdwCJ8uABjyQLDD9Y7ceI
"You uploaded a feed photo on May 28, 2023 at 3:20 PM (GMT)", -,https://media.licdn.com/dms/image/v2/D4D22AQEVxDROvtwzMg/feedshare-shrink_2048_1536/feedshare-shrink_2048_1536/0/1685287204787?e=1778716800&v=beta&t=mH1G47atFOXzYGFg2S-WS7_ab4V6QJfSWPCVI05SYOQ
"You uploaded a feed photo on May 23, 2023 at 1:39 PM (GMT)", -,https://media.licdn.com/dms/image/v2/D4D22AQGVVUjKAn3e3g/feedshare-shrink_2048_1536/feedshare-shrink_2048_1536/0/1684849149133?e=1778716800&v=beta&t=FVr-anlC2tUCOe9r76r5O5uAK6w1K6MDJbHW8hpmU-8
"You uploaded a feed photo on May 20, 2023 at 5:04 PM (GMT)", -,https://media.licdn.com/dms/image/v2/D4D22AQHusRlsgAbJ5w/feedshare-shrink_2048_1536/feedshare-shrink_2048_1536/0/1684602256482?e=1778716800&v=beta&t=PNpMeYNuu0DzDCjgUUptJuVU08WWvuTI1gcU5YJAnow
"You uploaded a feed photo on May 17, 2023 at 12:29 PM (GMT)", -,https://media.licdn.com/dms/image/v2/D4D22AQEwgEestIRQ7Q/feedshare-shrink_2048_1536/feedshare-shrink_2048_1536/0/1684326565570?e=1778716800&v=beta&t=IccjcnGhgJtFh9eWqCF2qZ0MW333b71OMcqt-rU72fE
"You uploaded a feed photo on May 16, 2023 at 4:45 PM (GMT)", -,https://media.licdn.com/dms/image/v2/D4D22AQEThMqMlWD8rQ/feedshare-shrink_2048_1536/feedshare-shrink_2048_1536/0/1684255550566?e=1778716800&v=beta&t=5j0x9lkEs_EOk97OzaOw43YiY7ituYigPLE3rDYUs6I
"You uploaded a feed photo on May 15, 2023 at 7:01 PM (GMT)", -,https://media.licdn.com/dms/image/v2/D4D22AQGLG6R8A2mf5A/feedshare-shrink_2048_1536/feedshare-shrink_2048_1536/0/1684177294127?e=1778716800&v=beta&t=adHaDrpYo0rWSJJkoJ1Mh2zMQPEVqvQvKo-4VAMozmg
"You uploaded a feed photo on May 13, 2023 at 5:36 PM (GMT)", -,https://media.licdn.com/dms/image/v2/D4D22AQEIGVDudOjZgg/feedshare-shrink_2048_1536/feedshare-shrink_2048_1536/0/1683999395729?e=1778716800&v=beta&t=x0SYEtHSlmGiXFtrJxO6JUiP6JKIqk1ykCPSH4sHTxI
"You uploaded a feed photo on May 10, 2023 at 2:41 PM (GMT)", -,https://media.licdn.com/dms/image/v2/D4D22AQF3iUpVtKmUew/feedshare-shrink_2048_1536/feedshare-shrink_2048_1536/0/1683729718302?e=1778716800&v=beta&t=QiZ7D44cgKL7be79iHu2VxzPIaEig9YE3-Jw32pylvA
"You uploaded a feed photo on May 9, 2023 at 2:18 PM (GMT)", -,https://media.licdn.com/dms/image/v2/D4D22AQEHRtiPga_DWg/feedshare-shrink_2048_1536/feedshare-shrink_2048_1536/0/1683641892049?e=1778716800&v=beta&t=ekVOd_gFD0npKfGXeRzqZVXUNuKdf7yV8C3fr9lT7lk
"You uploaded a feed photo on May 6, 2023 at 5:19 PM (GMT)", -,https://media.licdn.com/dms/image/v2/D4D22AQHyNPtAkafZcQ/feedshare-shrink_2048_1536/feedshare-shrink_2048_1536/0/1683393608550?e=1778716800&v=beta&t=WBEjDyoTsEEEnikPKqT-Z5uylSWDqNRlUUN6Sz_IeVY
"You uploaded a feed photo on May 2, 2023 at 6:33 AM (GMT)", -,https://media.licdn.com/dms/image/v2/D4D22AQGif4y6kODb_Q/feedshare-shrink_2048_1536/feedshare-shrink_2048_1536/0/1683009204675?e=1778716800&v=beta&t=zGn6dVw-1gkb4RuA9Iei3CoPARrMGizcGfU76cL74IA
"You uploaded a feed photo on May 1, 2023 at 6:22 AM (GMT)", -,https://media.licdn.com/dms/image/v2/D4D22AQG7q_WKjLpi3Q/feedshare-shrink_2048_1536/feedshare-shrink_2048_1536/0/1682922126733?e=1778716800&v=beta&t=ZtPVcUnU8W-Kbod3bMrbOJjgWsh0xssLSkTIO2yjPxk
"You uploaded a feed photo on May 1, 2023 at 6:22 AM (GMT)", -,https://media.licdn.com/dms/image/v2/D4D22AQHVqNq9oCpCDg/feedshare-shrink_2048_1536/feedshare-shrink_2048_1536/0/1682922126717?e=1778716800&v=beta&t=7SsRBgGspRi-Z_kKLUlIxbRwd_-figPZfwg7jiGuUYw
"You uploaded a feed photo on May 1, 2023 at 6:22 AM (GMT)", -,https://media.licdn.com/dms/image/v2/D4D22AQGQOGz4SMZBZg/feedshare-shrink_2048_1536/feedshare-shrink_2048_1536/0/1682922126707?e=1778716800&v=beta&t=JCQlz26H3thPnf0F9DMGcbOFnOdGj-TTeahZboOefew
"You uploaded a feed photo on May 1, 2023 at 6:22 AM (GMT)", -,https://media.licdn.com/dms/image/v2/D4D22AQFfYHIltEJQ7Q/feedshare-shrink_2048_1536/feedshare-shrink_2048_1536/0/1682922126706?e=1778716800&v=beta&t=7PNWkEbMxyVHN8gBM1JiogAuczMhP0KUNlnbglMGgS4
"You uploaded a feed photo on April 29, 2023 at 5:32 PM (GMT)", -,https://media.licdn.com/dms/image/v2/D4D22AQEqhNQ-vklZOg/feedshare-shrink_2048_1536/feedshare-shrink_2048_1536/0/1682789578178?e=1778716800&v=beta&t=8n1RtGgrP6aqnRMGuF4uQdG45d0yu3fhq_Sz_qtXGXI
"You uploaded a feed document on April 26, 2023 at 4:45 PM (GMT)","Do you want to enjoy scrolling your LinkedIn feed?

Are you tired of ""I'm happy to share!..."", and ""We are hiring""?

A couple of months ago, I complained to Sivan Helfer that I was spending too much time scrolling my LinkedIn feed. 

He was wondering how it could be more interesting than Twitter, Reddit, Facebook, and Instagram. 

All he saw was:
? People changing jobs
? People looking for jobs
? People trying to hire
 
My feed is full of interesting insights about:
? Tech
? Startups
? Leadership & Management
? Many other topics - marketing, sales, branding.

??????? content, that I rarely see in other social networks. 

To help you improve your feed, and to celebrate our Country's birthday, I prepared a list of 8 Blue-and-White LinkedIn writers that every IL developer needs to follow!

? Avi Lewis 
? Michael Parkadze 
? Igal Beilin 
? Itzy Sabo 
? Adar Kreiner 
? Gal Aga 
? Assaf Schwartz 
? Avi Romano 

Who are the other local creators you enjoy reading?

I have tons of space in my feed...
",https://media.licdn.com/dms/document/media/v2/D4D1FAQGkWwO7eIyfLQ/feedshare-document-url-metadata-scrapper-pdf/feedshare-document-url-metadata-scrapper-pdf/0/1682527550318?e=1777636800&v=beta&t=MOI3EeP3R6U9j-kxSHp3eYeS8T8B0AE7ThC_5gf4jU4
"You uploaded a feed photo on April 24, 2023 at 6:33 AM (GMT)", -,https://media.licdn.com/dms/image/v2/D4D22AQEKPnjjeBLd1g/feedshare-shrink_2048_1536/feedshare-shrink_2048_1536/0/1682317981077?e=1778716800&v=beta&t=nIdyZ05qAkfjVDdUayUhTYzt5mL7Vv_1209eUrJtuTY
"You uploaded a feed photo on April 22, 2023 at 6:01 PM (GMT)", -,https://media.licdn.com/dms/image/v2/D4D22AQFhnK4ZUD17ug/feedshare-shrink_2048_1536/feedshare-shrink_2048_1536/0/1682186491323?e=1778716800&v=beta&t=JEZJ73_zsLZl2ddqrk8KQHKxOJvyNFMUnsjDXueaAh8
"You uploaded a feed photo on April 22, 2023 at 6:01 PM (GMT)", -,https://media.licdn.com/dms/image/v2/D4D22AQEWM2PFZ6ZcsQ/feedshare-shrink_2048_1536/feedshare-shrink_2048_1536/0/1682186475369?e=1778716800&v=beta&t=4q0pFp9O2lOvYds-UPxytbk71vb_LjHTHzYB0HPLpvw
"You uploaded a feed document on April 22, 2023 at 7:07 AM (GMT)", -,https://media.licdn.com/dms/document/media/v2/D4D1FAQFUqqcV6MYO9w/feedshare-document-url-metadata-scrapper-pdf/feedshare-document-url-metadata-scrapper-pdf/0/1682147281268?e=1777636800&v=beta&t=RTISEkUaflFA5hNprWBemdj9IJlt7EhrPpGFt_sHaB0
"You uploaded a feed photo on April 20, 2023 at 2:10 PM (GMT)", -,https://media.licdn.com/dms/image/v2/D4D22AQEmKk7mqOOk2w/feedshare-shrink_2048_1536/feedshare-shrink_2048_1536/0/1681999829444?e=1778716800&v=beta&t=h_6aSVamlvTi9I0Dxu0ZMVbK1mu4a-HrjgIMnQ5g36M
"You uploaded a feed photo on April 19, 2023 at 3:38 PM (GMT)", -,https://media.licdn.com/dms/image/v2/D4D22AQFulHPiU_Tv2w/feedshare-shrink_2048_1536/feedshare-shrink_2048_1536/0/1681918738116?e=1778716800&v=beta&t=slrFrkpDeDObNK6WSNiwIgHLmb30cAEDAFD2UDpbbZQ
"You uploaded a feed photo on April 17, 2023 at 4:01 PM (GMT)", -,https://media.licdn.com/dms/image/v2/D4D22AQHdjFGxP82NtQ/feedshare-shrink_2048_1536/feedshare-shrink_2048_1536/0/1681747306474?e=1778716800&v=beta&t=ofIeXIhexzNd6HVXowewrLJu42dfALLHw0GwOOE608g
"You uploaded a feed photo on April 12, 2023 at 5:26 PM (GMT)", -,https://media.licdn.com/dms/image/v2/D4D22AQExk9HPOyhsOQ/feedshare-shrink_2048_1536/feedshare-shrink_2048_1536/0/1681320411889?e=1778716800&v=beta&t=ezItEip3rVXZ7LOrv9kWqMX7OoaHasF54Wg6RwHi2wg
"You uploaded a feed photo on April 10, 2023 at 6:02 PM (GMT)", -,https://media.licdn.com/dms/image/v2/D4D22AQF3HveSWaBOYw/feedshare-shrink_2048_1536/feedshare-shrink_2048_1536/0/1681149752678?e=1778716800&v=beta&t=rKX5oJ4WRwRfO4qmv6dB6aHrQTe2I8ITncP6gI18ugA
"You uploaded a feed photo on April 9, 2023 at 6:28 AM (GMT)", -,https://media.licdn.com/dms/image/v2/D4D22AQHNmPvafsR12A/feedshare-shrink_2048_1536/feedshare-shrink_2048_1536/0/1681021709617?e=1778716800&v=beta&t=Ummhuidl5CGgzqqmflBrcQnHuamFRqpzkMB2UrxAyr4
"You uploaded a feed photo on April 7, 2023 at 9:53 AM (GMT)", -,https://media.licdn.com/dms/image/v2/D4D22AQFg5RCX_ATKUQ/feedshare-shrink_2048_1536/feedshare-shrink_2048_1536/0/1680861247655?e=1778716800&v=beta&t=xvuNHp8XGkI_nLrpbeLiX_QqO7nuG3yVV5XGIP8T4-g
"You uploaded a feed photo on April 4, 2023 at 3:02 PM (GMT)", -,https://media.licdn.com/dms/image/v2/D4D22AQFAQrTzUhgcSg/feedshare-shrink_2048_1536/feedshare-shrink_2048_1536/0/1680620551397?e=1778716800&v=beta&t=WspxFMNSJomMSSet6XNeHZzW6CFLNKlnHwLOFQBms9c
"You uploaded a video on April 3, 2023 at 2:54 PM (GMT)", -,https://dms.licdn.com/playlist/vid/dynamic/D4D05AQGaD0laa3VWSQ/BAQH8v9eg?e=1777636800&v=beta&t=FklCjGFlTFucmQvOWzZPsKQe_gQgSCu4B8y79071QYQ
"You uploaded a feed photo on April 1, 2023 at 4:51 PM (GMT)", -,https://media.licdn.com/dms/image/v2/D4D22AQEI4Bf2rups6g/feedshare-shrink_2048_1536/feedshare-shrink_2048_1536/0/1680367882814?e=1778716800&v=beta&t=Lsf1srNE2fi_9pai1RRJYzYYU3k4mQBbaE-etWElTgA
"You uploaded a feed photo on March 22, 2023 at 4:04 PM (GMT)", -,https://media.licdn.com/dms/image/v2/C4D22AQFOjMp5zFTWzA/feedshare-shrink_2048_1536/feedshare-shrink_2048_1536/0/1679501091990?e=1778716800&v=beta&t=s--CHbBDS5uny97XysFrm2TDqCG0vrA57RbSOxJrsaI
"You uploaded a feed photo on March 20, 2023 at 2:59 PM (GMT)", -,https://media.licdn.com/dms/image/v2/C4D22AQHiG8BhSmoPNg/feedshare-shrink_2048_1536/feedshare-shrink_2048_1536/0/1679324399797?e=1778716800&v=beta&t=8ENguV_GQzCpZM2iBOLNW9GwJOGeAkAdAM76zLJ3eVw
"You uploaded a feed photo on March 18, 2023 at 4:46 PM (GMT)", -,https://media.licdn.com/dms/image/v2/C4D22AQE64p63sOCGyA/feedshare-shrink_2048_1536/feedshare-shrink_2048_1536/0/1679157980431?e=1778716800&v=beta&t=dE5CEZhkrMNoudyEHi53NgqSs2M09Co9nJSIhQhVpgk
"You uploaded a feed photo on March 16, 2023 at 3:40 PM (GMT)", -,https://media.licdn.com/dms/image/v2/C4D22AQFDmu4d2YyjoQ/feedshare-shrink_2048_1536/feedshare-shrink_2048_1536/0/1678981227319?e=1778716800&v=beta&t=xqV4B7jLl1njrxdnukMBBJb5nV2_8yUB8GTA_cX3LIs
"You uploaded a feed photo on March 16, 2023 at 3:40 PM (GMT)", -,https://media.licdn.com/dms/image/v2/C4D22AQGVVcnIR6h1PQ/feedshare-shrink_2048_1536/feedshare-shrink_2048_1536/0/1678981227281?e=1778716800&v=beta&t=QA52pn0dVx-uCTnoRDItHgEkx1X43WozuLj6OayNUmk
"You uploaded a feed photo on March 16, 2023 at 3:40 PM (GMT)", -,https://media.licdn.com/dms/image/v2/C4D22AQExr2369UqNQw/feedshare-shrink_2048_1536/feedshare-shrink_2048_1536/0/1678981226730?e=1778716800&v=beta&t=iIV47hXf45R4gKmzC8RpDxUdl-c-qP_Nk8c_X7lkCjg
"You uploaded a feed photo on March 16, 2023 at 3:40 PM (GMT)", -,https://media.licdn.com/dms/image/v2/C4D22AQFpIwgPiYPciw/feedshare-shrink_2048_1536/feedshare-shrink_2048_1536/0/1678981226725?e=1778716800&v=beta&t=sf6IvGk5_inXgKe3m1ZUQgx0opn-hIAAJNM8GBiSVDc
"You uploaded a feed photo on March 11, 2023 at 5:09 PM (GMT)", -,https://media.licdn.com/dms/image/v2/C4D22AQHD0huSpGhesA/feedshare-shrink_2048_1536/feedshare-shrink_2048_1536/0/1678554581114?e=1778716800&v=beta&t=hybCwgLzMbo3H5i7Y1EdNGdCN2m6oIKici9emt0ZzJA
"You uploaded a feed photo on March 4, 2023 at 4:36 PM (GMT)", -,https://media.licdn.com/dms/image/v2/C4D22AQGU2oSjxA6VEg/feedshare-shrink_2048_1536/feedshare-shrink_2048_1536/0/1677947819255?e=1778716800&v=beta&t=wqn2BtIGmYlKcIMYZLRUIwsRJJO8Ge1YCF7wdVQ4pCU
"You uploaded a article cover photo on March 1, 2023 at 5:21 PM (GMT)", -,https://media.licdn.com/dms/image/v2/D4D12AQFotdeHIShfcA/article-cover_image-shrink_600_2000/article-cover_image-shrink_600_2000/0/1677691262302?e=1778716800&v=beta&t=kl9OsfLkrMoGOKFYoC-Ay11Lsj2eWaWc-vG1y6DGizc
"You uploaded a article inline photo on March 1, 2023 at 10:23 AM (GMT)", -,https://media.licdn.com/dms/image/v2/D4D12AQH_RiYuyPo69w/article-inline_image-shrink_1000_1488/article-inline_image-shrink_1000_1488/0/1677666213713?e=1778716800&v=beta&t=pehJDCAmgN6YsOBRxLpF1-6PEMZ7-DY6UtiKdLNykjo
"You uploaded a feed photo on February 28, 2023 at 7:43 AM (GMT)", -,https://media.licdn.com/dms/image/v2/C4D22AQEFLJGOamJQQg/feedshare-shrink_2048_1536/feedshare-shrink_2048_1536/0/1677570203070?e=1778716800&v=beta&t=lRmPUbmvv2ZUFmm8nRWApHep4YdQvNGo087h724sugs
"You uploaded a feed photo on February 25, 2023 at 5:06 PM (GMT)", -,https://media.licdn.com/dms/image/v2/C4D22AQGLu8M00tzCmw/feedshare-shrink_2048_1536/feedshare-shrink_2048_1536/0/1677344791340?e=1778716800&v=beta&t=te7Z-zAN7KIgkvvboAxiwdAzsoz5lqDbdTvoRGntLkA
"You uploaded a feed photo on February 25, 2023 at 5:05 PM (GMT)", -,https://media.licdn.com/dms/image/v2/C4D22AQGkQGjWS8Qxrg/feedshare-shrink_2048_1536/feedshare-shrink_2048_1536/0/1677344717426?e=1778716800&v=beta&t=Y0w2KeQV7cNhT9wx55m1bleNvq4EomkN3bLG08JykB0
"You uploaded a article inline photo on February 24, 2023 at 8:13 PM (GMT)", -,https://media.licdn.com/dms/image/v2/D4D12AQGQzmJTk42H-w/article-inline_image-shrink_1000_1488/article-inline_image-shrink_1000_1488/0/1677269626520?e=1778716800&v=beta&t=MDSEzPBS5FPpZSJrjx0BNjvb0E_98lbXMnw4Y99IGD8
"You uploaded a article inline photo on February 24, 2023 at 8:13 PM (GMT)", -,https://media.licdn.com/dms/image/v2/D4D12AQGOQNmibID-AA/article-inline_image-shrink_1000_1488/article-inline_image-shrink_1000_1488/0/1677269586780?e=1778716800&v=beta&t=5nJ60msrM_NsQZWFc_pSV0Y9sR9yqcBaJkjgkuXCx2o
"You uploaded a article inline photo on February 24, 2023 at 8:03 PM (GMT)", -,https://media.licdn.com/dms/image/v2/D4D12AQHysCV4DiEoVw/article-inline_image-shrink_1000_1488/article-inline_image-shrink_1000_1488/0/1677269018461?e=1778716800&v=beta&t=vUm_Yzbb1RY2lchRUY0UaWQanxn7NUQf0b3T4_87wrM
"You uploaded a article cover photo on February 24, 2023 at 8:01 PM (GMT)", -,https://media.licdn.com/dms/image/v2/D4D12AQH6t3jQDw8pjQ/article-cover_image-shrink_600_2000/article-cover_image-shrink_600_2000/0/1677268885169?e=1778716800&v=beta&t=-NzYE635bOsQkKwDi2DB4AYBIWRqnPR7YUsXXi9e2aQ
"You uploaded a feed photo on February 23, 2023 at 3:22 PM (GMT)", -,https://media.licdn.com/dms/image/v2/C4D22AQFPtB2mocqg1Q/feedshare-shrink_2048_1536/feedshare-shrink_2048_1536/0/1677165734802?e=1778716800&v=beta&t=Os-QUecZx5ec5Qgj7YUj_syHixL9MoNyMF3TvYjP3rc
"You uploaded a photo on February 17, 2023 at 4:49 PM (GMT)", -,https://media.licdn.com/dms/image/v2/D4D21AQFbdGnUi8XtAw/plfm-displayapplogo-shrink_800_800/plfm-displayapplogo-shrink_800_800/0/1676652580027?e=1777636800&v=beta&t=o2Yr8gMGZH_C1XuBdhBKY44vTXTC4qpKrc4PIbC44DY
"You uploaded a feed photo on February 14, 2023 at 2:44 PM (GMT)", -,https://media.licdn.com/dms/image/v2/C4D22AQFNZfZJ9LYOzw/feedshare-shrink_2048_1536/feedshare-shrink_2048_1536/0/1676385900435?e=1778716800&v=beta&t=nzB-BlMsH5jPRZznX6Fn9F7Ndy4XRP8wXWhEZX7u7ME
"You uploaded a feed photo on February 11, 2023 at 4:47 PM (GMT)", -,https://media.licdn.com/dms/image/v2/C4D22AQEPapPQP3ckwA/feedshare-shrink_2048_1536/feedshare-shrink_2048_1536/0/1676134052990?e=1778716800&v=beta&t=ap506OMBEFmV4UHkcIsVyGN_Uep5rNXzxGa-iv30Sm0
"You uploaded a feed document on February 6, 2023 at 4:54 PM (GMT)","600K+ companies use Slack, 10M+ people daily!
8 tips on using it effectively:

The inspiration came from Sam Szuchan's posts, which I find useful and fun to read.",https://media.licdn.com/dms/document/media/v2/C4D1FAQGLO2brGzet_A/feedshare-document-url-metadata-scrapper-pdf/feedshare-document-url-metadata-scrapper-pdf/0/1675702480927?e=1777636800&v=beta&t=b7otg4bFaoS3DJh7DYfa1CY9sI7KuaEp6WbEZ3Dz1gs
"You uploaded a feed document on February 6, 2023 at 4:45 PM (GMT)", -,https://media.licdn.com/dms/document/media/v2/C4D1FAQFlKZ3b3rVptg/feedshare-document-url-metadata-scrapper-pdf/feedshare-document-url-metadata-scrapper-pdf/0/1675701908891?e=1777636800&v=beta&t=iNl1x625PwFQ0FPlxiLZsVa1rRpyOCWe-HJTHuoc8Dk
"You uploaded a feed photo on February 1, 2023 at 6:40 AM (GMT)", -,https://media.licdn.com/dms/image/v2/C4D22AQExotfEOqQqfQ/feedshare-shrink_2048_1536/feedshare-shrink_2048_1536/0/1675233657721?e=1778716800&v=beta&t=A94933-XqR6xaF0awuSuWwTnq2ZNsQeBbELDdduBdjI
"You uploaded a feed photo on January 28, 2023 at 5:05 PM (GMT)", -,https://media.licdn.com/dms/image/v2/C4D22AQE6I-_36yg-yw/feedshare-shrink_2048_1536/feedshare-shrink_2048_1536/0/1674925508873?e=1778716800&v=beta&t=8UreYfIMpb2LHexoAQaSU2eejMj9vh_eQu7zNIM7XXk
"You uploaded a feed photo on January 19, 2023 at 3:08 PM (GMT)", -,https://media.licdn.com/dms/image/v2/C4D22AQHsp_p5TuteUA/feedshare-shrink_2048_1536/feedshare-shrink_2048_1536/0/1674140917426?e=1778716800&v=beta&t=gHyLB760o9UnRT5J7HBxcX91oaq02Gj7QEo4bhkFf8s
"You uploaded a feed photo on January 14, 2023 at 8:42 AM (GMT)", -,https://media.licdn.com/dms/image/v2/C4D22AQGn0y8oVnBEbw/feedshare-shrink_2048_1536/feedshare-shrink_2048_1536/0/1673685723354?e=1778716800&v=beta&t=o8uC2zh_pFSFVRtVuG_Dao0whNWu0jtzqM7UKDk7sFg
"You uploaded a feed photo on January 7, 2023 at 9:56 AM (GMT)", -,https://media.licdn.com/dms/image/v2/C4D22AQGP_mcGEXxmjA/feedshare-shrink_2048_1536/feedshare-shrink_2048_1536/0/1673085372403?e=1778716800&v=beta&t=EPinzqGBgiZzWnlX1YrJxiFgXsPyHDAboZHWTH_meqY
"You uploaded a feed photo on December 24, 2022 at 4:40 PM (GMT)", -,https://media.licdn.com/dms/image/v2/C4D22AQH3vwvxt3SOig/feedshare-shrink_2048_1536/feedshare-shrink_2048_1536/0/1671900053992?e=1778716800&v=beta&t=i0ruHjBCVnliUopqohl_uq90IKL-56mAM37qz8evbsY
"You uploaded a feed photo on December 10, 2022 at 5:05 PM (GMT)", -,https://media.licdn.com/dms/image/v2/D4D22AQFsc6QEzoU0MA/feedshare-shrink_2048_1536/feedshare-shrink_2048_1536/0/1670691952488?e=1778716800&v=beta&t=GSwMzEGb4JNZUY3oDsm2IPJyLleHW_puZwU6K0hNLlo
"You uploaded a feed photo on June 9, 2022 at 9:36 PM (GMT)", -,https://media.licdn.com/dms/image/v2/C4E22AQHbXMGChf7X9A/feedshare-shrink_2048_1536/feedshare-shrink_2048_1536/0/1654810604507?e=1778716800&v=beta&t=zLBRZvScIpPiBMT2Ym-l9j8m-htx7W45EO65djahzb0
"You uploaded a feed photo on June 9, 2022 at 9:36 PM (GMT)", -,https://media.licdn.com/dms/image/v2/C4E22AQFRzR2QHPOO7w/feedshare-shrink_2048_1536/feedshare-shrink_2048_1536/0/1654810590706?e=1778716800&v=beta&t=pb8DzukOZoRERH9n1uAh0nVHihXnYB0dtGUewZx0zfI
"You uploaded a feed photo on June 9, 2022 at 9:36 PM (GMT)", -,https://media.licdn.com/dms/image/v2/C4E22AQF6BrYADquEmQ/feedshare-shrink_2048_1536/feedshare-shrink_2048_1536/0/1654810593238?e=1778716800&v=beta&t=Azz3hEPMmQOmpntRzheO04KteM8--_XITLq90_-QBvg
"You uploaded a feed photo on June 9, 2022 at 9:36 PM (GMT)", -,https://media.licdn.com/dms/image/v2/C4E22AQHewWEI798M4Q/feedshare-shrink_2048_1536/feedshare-shrink_2048_1536/0/1654810589095?e=1778716800&v=beta&t=Y2XSVOVlFA5lutfqY7od4Xo-fdAB0MBAEHpM5QY-Nco
"You uploaded a feed photo on June 9, 2022 at 9:36 PM (GMT)", -,https://media.licdn.com/dms/image/v2/C4E22AQESdnL0phGa0Q/feedshare-shrink_2048_1536/feedshare-shrink_2048_1536/0/1654810580592?e=1778716800&v=beta&t=jYNULjE5Nl46rOXffXXg3sF7trjLz_XOYDRYYvxuo84
"You uploaded a feed photo on February 7, 2022 at 9:20 AM (GMT)", -,https://media.licdn.com/dms/image/v2/C4D22AQHdywCjrDJOYw/feedshare-shrink_2048_1536/feedshare-shrink_2048_1536/0/1644225654616?e=1778716800&v=beta&t=6cvuzsWQsPpv3d0v-LzfnadN_FWmzEaeMWfNU8ibB3s
